시도,시군구,년,위도,경도,기온_6월10이상,기온_6월15이상,기온_6월20이상,기온_6월25이상,기온_6월30이상,기온_7월10이상,기온_7월15이상,기온_7월20이상,기온_7월25이상,기온_7월30이상,기온_8월10이상,기온_8월15이상,기온_8월20이상,기온_8월25이상,기온_8월30이상,기온_9월10이상,기온_9월15이상,기온_9월20이상,기온_9월25이상,기온_9월30이상,기온_10월10이상,기온_10월15이상,기온_10월20이상,기온_10월25이상,기온_10월30이상,전_P0,답_P0,임야_P0,대지_P0,공원_P0,과수원_P0,유원지_P0,묘지_P0,남자인구_P1,여자인구_P1,X65이상인구_P1,X65이상남자_P1,X65이상여자_P1,X65이상남자_P2,X65이상여자_P2,X50이상인구_P1,X50이상남자_P1,X50이상여자_P1,X50이상남자_P2,X50이상여자_P2,농가인구_P1,농가남자_P1,농가여자_P1,농가남자_P2,농가여자_P2,위험지수,color
강원도,강릉시,2017,37.753919,128.874452,719,658,455,124,12,744,744,744,432,156,744,744,713,283,48,720,714,447,113,1,679,365,68,0,0,5.023,4.853,80.437,1.784,0.071,0.157,0.002,0.061,50.365,49.635,17.241,7.202,10.039,41.772,58.228,41.16,18.926,22.235,45.98,54.02,8.046,3.86,4.186,47.976,52.024,6.081,white
강원도,강원고성군,2017,34.9729819,128.3222453,719,644,354,57,0,744,744,738,343,118,744,744,691,240,15,718,708,436,63,0,657,326,47,0,0,2.696,5.792,83.002,0.902,0.004,0.028,0.006,0.057,53.368,46.632,23.767,9.664,14.103,40.661,59.339,48.77,22.465,26.305,46.062,53.938,18.39,9.296,9.094,50.549,49.451,6.081,white
강원도,동해시,2017,37.52474,129.114236,716,675,408,47,0,744,744,738,347,66,744,744,711,283,17,720,712,463,55,0,679,407,59,0,0,5.415,2.515,74.784,3.73,0.118,0.083,0.069,0.113,50.714,49.286,16.529,7.011,9.519,42.413,57.587,41.104,19.263,21.842,46.863,53.137,6.94,3.461,3.477,49.878,50.106,6.081,white
강원도,삼척시,2017,37.4498683,129.1652059,716,675,408,47,0,744,744,738,347,66,744,744,711,283,17,720,712,463,55,0,679,407,59,0,0,4.757,1.277,88.023,0.678,0.014,0.032,0.001,0.044,51.729,48.271,20.492,8.227,12.265,40.147,59.853,44.895,20.721,24.174,46.154,53.846,14.43,6.717,7.712,46.547,53.443,6.081,white
강원도,속초시,2017,38.207017,128.591905,719,644,354,57,0,744,744,738,343,118,744,744,691,240,15,718,708,436,63,0,657,326,47,0,0,3.974,4.132,73.94,5.849,0.074,0.293,0.349,0.012,49.374,50.626,16.133,6.49,9.643,40.23,59.77,42.112,19.536,22.576,46.391,53.609,3.625,1.859,1.766,51.29,48.71,6.081,white
강원도,양구군,2017,38.1099869,127.9899659,708,584,352,130,28,744,744,726,278,42,744,720,600,193,40,707,539,234,51,0,503,243,57,2,0,7.28,3.839,80.123,0.583,0.01,0.03,0,0.055,53.851,46.149,17.806,7.159,10.646,40.208,59.792,40.514,19.402,21.112,47.89,52.11,22.903,12.098,10.805,52.824,47.176,6.081,white
강원도,양양군,2017,38.0753921,128.6191279,719,644,354,57,0,744,744,738,343,118,744,744,691,240,15,718,708,436,63,0,657,326,47,0,0,3.793,4.407,83.67,1.022,0.012,0.084,0.004,0.027,50.537,49.463,26.826,11.413,15.413,42.544,57.456,55.45,25.669,29.78,46.293,53.707,29.334,14.114,15.22,48.115,51.885,6.455,white
강원도,영월군,2017,37.204682,128.503562,715,637,388,174,40,744,744,731,316,50,744,730,648,252,46,705,575,263,51,0,588,318,90,7,0,7.255,1.275,84.887,0.768,0.006,0.037,0.042,0.051,51.572,48.428,25.49,10.837,14.653,42.514,57.486,54.904,26.369,28.535,48.027,51.973,22.142,10.774,11.368,48.659,51.341,6.081,white
강원도,원주시,2017,37.341827,127.919676,719,683,466,201,26,744,744,744,397,53,744,740,656,312,52,716,644,310,60,0,607,358,103,3,0,7.035,6.762,71.239,2.834,0.196,0.304,0.068,0.112,49.784,50.216,12.452,5.129,7.323,41.189,58.811,34.962,16.493,18.468,47.175,52.825,6.133,3.019,3.114,49.226,50.774,6.081,white
강원도,인제군,2017,38.069434,128.170699,708,584,352,130,28,744,744,726,278,42,744,720,600,193,40,707,539,234,51,0,503,243,57,2,0,3.332,0.933,89.471,0.41,0.006,0.011,0.01,0.009,54.096,45.904,17.83,7.674,10.156,43.04,56.96,42.831,20.982,21.85,48.987,51.013,23.549,11.902,11.648,50.54,49.46,6.081,white
강원도,정선군,2017,37.3807549,128.6609505,708,594,335,144,41,744,744,730,277,50,744,722,617,197,39,705,561,223,46,0,562,266,53,1,0,8.132,0.639,85.479,0.587,0.01,0.008,0.015,0.034,51.967,48.033,23.146,9.755,13.391,42.145,57.855,51.8,24.951,26.849,48.168,51.832,19.064,9.811,9.253,51.462,48.538,6.081,white
강원도,철원군,2017,38.240922,127.437662,716,647,425,171,19,744,744,739,382,66,744,718,627,268,57,702,555,296,85,0,495,290,89,7,0,9.541,13.823,67.3,0.936,0.008,0.048,0.017,0.075,53.24,46.76,19.431,8.193,11.238,42.164,57.836,42.484,19.977,22.508,47.021,52.979,25.661,13.037,12.624,50.805,49.195,15.4,white
강원도,춘천시,2017,37.881891,127.733375,719,681,502,248,67,744,744,744,511,97,744,736,659,320,68,706,620,315,78,0,571,341,89,11,0,5.963,3.035,75.283,1.782,0.066,0.171,0.08,0.132,49.137,50.863,14.687,6.068,8.619,41.314,58.686,37.194,17.201,19.993,46.246,53.754,5.183,2.665,2.517,51.431,48.569,6.081,white
강원도,태백시,2017,37.175869,128.984292,657,495,210,64,2,744,737,606,181,20,742,696,391,89,5,656,379,139,10,0,414,109,17,0,0,4.648,0.011,88.65,1.292,0.032,0,0.015,0.069,50.714,49.286,19.548,8.23,11.319,42.099,57.901,46.065,21.743,24.321,47.202,52.798,3.549,1.733,1.816,48.821,51.179,6.081,white
강원도,평창군,2017,37.370879,128.390005,715,637,388,174,40,744,744,731,316,50,744,730,648,252,46,705,575,263,51,0,588,318,90,7,0,8.352,1.094,83.476,0.835,0.003,0.003,0.012,0.03,51.418,48.582,23.297,9.973,13.324,42.808,57.192,52.938,25.496,27.442,48.162,51.838,26.658,13.018,13.64,48.835,51.165,6.081,white
강원도,홍천군,2017,37.696993,127.888832,717,646,460,241,76,744,744,744,405,100,744,728,645,306,85,706,586,293,96,0,541,307,87,10,0,5.796,3.176,84.027,0.818,0.013,0.025,0.012,0.027,50.911,49.089,21.877,9.427,12.45,43.09,56.91,50.192,24.19,26.002,48.195,51.805,27.046,13.563,13.483,50.146,49.854,6.081,white
강원도,화천군,2017,38.1056484,127.7080492,719,681,502,248,67,744,744,744,511,97,744,736,659,320,68,706,620,315,78,0,571,341,89,11,0,4.635,1.858,84.424,0.522,0.001,0.045,0.007,0.028,55.737,44.263,18.705,7.701,11.005,41.169,58.831,40.462,19.493,20.969,48.175,51.825,21.389,10.756,10.629,50.286,49.695,6.081,white
강원도,횡성군,2017,37.4917013,127.9850404,719,683,466,201,26,744,744,744,397,53,744,740,656,312,52,716,644,310,60,0,607,358,103,3,0,8.66,4.828,76.593,1.056,0.025,0.029,0.034,0.086,50.358,49.642,25.487,11.116,14.371,43.614,56.386,54.934,26.237,28.697,47.762,52.238,33.097,16.923,16.172,51.131,48.862,6.455,white
경기도,가평군,2017,37.8312549,127.5095764,719,681,502,248,67,744,744,744,511,97,744,736,659,320,68,706,620,315,78,0,571,341,89,11,0,5.135,3.124,82.096,1.704,0.011,0.16,0.043,0.09,50.846,49.154,21.835,9.498,12.337,43.499,56.501,49.504,23.871,25.633,48.22,51.78,16.692,8.491,8.202,50.871,49.139,6.081,white
경기도,과천시,2017,37.4291629,126.9876113,719,700,508,192,23,744,744,744,513,95,744,744,686,398,88,717,680,437,137,0,615,412,138,13,0,7.512,5.877,63.416,8.529,0.693,0.126,2.195,0.105,48.8,51.2,12.224,4.982,7.242,40.757,59.243,35.912,16.609,19.303,46.249,53.751,1.784,0.891,0.894,49.954,50.139,6.081,white
경기도,광명시,2017,37.478493,126.864548,719,717,506,108,0,744,744,744,467,27,744,744,699,424,71,720,715,555,100,0,678,428,104,4,0,13.391,6.573,36.602,18.76,1.347,0.004,0,0.254,49.522,50.478,10.824,4.58,6.244,42.317,57.683,32.541,15.198,17.343,46.705,53.295,0.578,0.283,0.296,48.915,51.085,6.081,white
경기도,광주시,2017,35.160103,126.851308,718,685,502,260,57,744,744,744,458,87,744,738,662,336,83,710,639,344,105,0,582,369,128,17,0,6.362,6.103,66.306,4.236,0.066,0.128,0.008,0.539,51.086,48.914,10.991,4.984,6.007,45.347,54.653,33.105,16.211,16.894,48.967,51.033,3.735,1.817,1.918,48.654,51.346,6.081,white
경기도,구리시,2017,37.5943119,127.1295651,718,685,502,260,57,744,744,744,458,87,744,738,662,336,83,710,639,344,105,0,582,369,128,17,0,13.55,3.574,36.545,12.331,0.946,0.79,0,0.732,49.555,50.445,10.777,4.656,6.121,43.206,56.794,33.821,16.27,17.551,48.107,51.893,0.952,0.47,0.482,49.366,50.634,6.081,white
경기도,군포시,2017,37.3616702,126.9351739,719,700,508,192,23,744,744,744,513,95,744,744,686,398,88,717,680,437,137,0,615,412,138,13,0,7.955,4.617,42.714,15.14,3.007,0.045,0,0.045,49.588,50.412,10.268,4.341,5.927,42.28,57.72,32.031,15.176,16.855,47.378,52.622,0.43,0.219,0.212,50.802,49.198,6.081,white
경기도,김포시,2017,37.615246,126.715633,719,717,506,108,0,744,744,744,467,27,744,744,699,424,71,720,715,555,100,0,678,428,104,4,0,9.239,23.326,24.263,7.337,1.646,0.594,0.05,0.429,50.075,49.925,11.344,4.984,6.36,43.938,56.062,31.43,15.12,16.31,48.107,51.893,4.283,2.089,2.195,48.764,51.236,4.778,white
경기도,남양주시,2017,37.636003,127.216528,718,685,502,260,57,744,744,744,458,87,744,738,662,336,83,710,639,344,105,0,582,369,128,17,0,6.799,6.347,65.627,5.045,0.439,0.402,0.031,0.587,49.867,50.133,11.861,5.16,6.7,43.508,56.492,32.855,15.743,17.113,47.915,52.085,2.503,1.251,1.252,49.981,50.025,6.081,white
경기도,동두천시,2017,37.914766,127.066743,716,678,458,217,37,742,742,742,434,83,744,737,660,330,81,714,625,356,127,0,555,335,115,11,0,7.17,2.703,66.784,5.329,0.351,0.065,0.05,0.347,49.779,50.221,16.955,6.903,10.052,40.715,59.285,39.269,18.287,20.982,46.569,53.431,2.204,1.135,1.069,51.509,48.491,6.081,white
경기도,부천시,2017,37.503394,126.765962,719,717,506,108,0,744,744,744,467,27,744,744,699,424,71,720,715,555,100,0,678,428,104,4,0,5.891,6.937,15.524,32.463,4.02,0.074,0.62,0.112,49.727,50.273,10.433,4.437,5.996,42.533,57.467,34.473,16.34,18.133,47.399,52.601,0.34,0.166,0.174,48.724,51.276,14.593,white
경기도,성남시,2017,37.4449168,127.1388684,719,700,508,192,23,744,744,744,513,95,744,744,686,398,88,717,680,437,137,0,615,412,138,13,0,4.09,3.622,45.132,15.996,5.098,0.077,0.251,0.535,49.496,50.504,11.518,4.968,6.55,43.13,56.87,33.591,15.932,17.66,47.428,52.572,0.298,0.152,0.147,50.813,49.151,6.081,white
경기도,수원시,2017,37.263884,127.029478,719,700,508,192,23,744,744,744,513,95,744,744,686,398,88,717,680,437,137,0,615,412,138,13,0,6.482,9.117,21.441,26.426,4.834,0.051,0.008,0.121,50.422,49.578,8.762,3.704,5.058,42.274,57.726,28.623,13.741,14.882,48.007,51.993,0.811,0.4,0.411,49.342,50.658,4.778,white
경기도,시흥시,2017,37.38011,126.8028807,719,700,508,192,23,744,744,744,513,95,744,744,686,398,88,717,680,437,137,0,615,412,138,13,0,14.706,11.283,27.93,9.407,2.243,0.214,0.002,0.236,52.404,47.596,8.075,3.324,4.751,41.16,58.84,28.781,14.623,14.157,50.809,49.191,1.265,0.632,0.634,49.939,50.081,4.778,white
경기도,안성시,2017,37.0079695,127.2796786,717,657,440,191,23,743,743,740,381,64,744,741,668,309,59,704,609,323,88,0,540,345,93,9,0,9.088,20.246,47.757,3.645,0.179,0.442,0.048,0.408,50.876,49.124,14.485,5.996,8.489,41.392,58.608,35.563,16.899,18.663,47.52,52.48,11.583,5.85,5.733,50.503,49.497,26.741,red
경기도,안양시,2017,37.3942527,126.9568209,719,700,508,192,23,744,744,744,513,95,744,744,686,398,88,717,680,437,137,0,615,412,138,13,0,1.766,0.885,50.369,20.367,1.826,0.042,0,0.045,49.607,50.393,10.519,4.509,6.01,42.868,57.132,33.941,16.131,17.81,47.527,52.473,0.311,0.167,0.144,53.596,46.404,6.081,white
경기도,양주시,2017,37.7852875,127.0458453,716,678,458,217,37,742,742,742,434,83,744,737,660,330,81,714,625,356,127,0,555,335,115,11,0,9.537,9.89,57.223,4.938,0.317,0.124,0.034,0.307,50.323,49.677,13.428,5.833,7.596,43.435,56.565,35.397,17.119,18.278,48.363,51.637,5.625,2.825,2.799,50.225,49.766,4.778,white
경기도,양평군,2017,37.491784,127.487632,718,685,502,260,57,744,744,744,458,87,744,738,662,336,83,710,639,344,105,0,582,369,128,17,0,6.433,7.683,72.825,2.575,0.001,0.083,0.019,0.222,50.32,49.68,21.53,9.579,11.951,44.492,55.508,48.45,23.079,25.371,47.635,52.365,16.964,8.772,8.192,51.708,48.286,6.081,white
경기도,연천군,2017,38.0965014,127.0752795,716,647,425,171,19,744,744,739,382,66,744,718,627,268,57,702,555,296,85,0,495,290,89,7,0,11.451,8.013,60.692,1.286,0.064,0.011,0.024,0.251,52.284,47.716,22.559,9.56,12.999,42.379,57.621,47.674,22.7,24.974,47.615,52.385,17.755,8.91,8.845,50.183,49.817,6.081,white
경기도,오산시,2017,37.149837,127.077333,719,700,508,192,23,744,744,744,513,95,744,744,686,398,88,717,680,437,137,0,615,412,138,13,0,8.925,14.043,25.694,17.481,3.05,0.503,0.713,0.276,51.279,48.721,7.753,3.285,4.468,42.371,57.629,24.446,11.873,12.573,48.568,51.432,1.869,0.922,0.947,49.321,50.679,4.778,white
경기도,의왕시,2017,37.3447006,126.96831,719,700,508,192,23,744,744,744,513,95,744,744,686,398,88,717,680,437,137,0,615,412,138,13,0,9.632,4.106,56.939,7.798,0.859,0.084,0,0.322,49.797,50.203,10.911,4.684,6.226,42.934,57.066,34.598,16.532,18.066,47.783,52.217,1.304,0.6,0.704,45.987,54.013,6.081,white
경기도,의정부시,2017,37.738098,127.0336819,716,678,458,217,37,742,742,742,434,83,744,737,660,330,81,714,625,356,127,0,555,335,115,11,0,5.653,4.097,57.788,12.792,1.42,0.288,0.014,0.101,49.377,50.623,12.838,5.451,7.387,42.463,57.537,35.668,16.83,18.838,47.184,52.816,0.811,0.4,0.411,49.339,50.661,6.081,white
경기도,이천시,2017,37.280836,127.451476,718,676,457,229,48,743,743,743,376,71,744,730,656,292,68,705,618,312,96,0,569,346,125,17,0,15.17,22.773,36.738,4.257,0.109,0.437,0.026,0.317,50.719,49.281,11.942,5.075,6.867,42.497,57.503,32.481,15.763,16.718,48.53,51.47,10.261,5.195,5.067,50.623,49.377,26.741,red
경기도,파주시,2017,37.862816,126.78586,716,653,389,165,8,744,744,743,345,57,744,722,627,284,67,704,581,286,100,0,477,273,80,8,0,10.836,16.645,45.387,4.557,0.747,0.088,0.138,1.008,50.585,49.415,12.22,5.142,7.079,42.074,57.926,31.508,14.99,16.518,47.576,52.424,4.968,2.535,2.433,51.02,48.98,4.778,white
경기도,평택시,2017,36.992329,127.112695,717,657,440,191,23,743,743,740,381,64,744,741,668,309,59,704,609,323,88,0,540,345,93,9,0,8.835,34.569,17.658,6.739,0.897,0.497,0.062,0.169,51.213,48.787,11.153,4.681,6.472,41.968,58.032,31.221,15.089,16.132,48.329,51.671,5.223,2.634,2.59,50.419,49.581,4.778,white
경기도,포천시,2017,37.8949148,127.2003551,716,678,458,217,37,742,742,742,434,83,744,737,660,330,81,714,625,356,127,0,555,335,115,11,0,9.448,7.218,67.563,2.329,0.029,0.052,0.082,0.23,51.735,48.265,15.97,6.818,9.152,42.692,57.308,41.677,20.712,20.964,49.698,50.302,10.117,5.043,5.073,49.851,50.149,6.081,white
경기도,하남시,2017,37.5393202,127.2149472,718,685,502,260,57,744,744,744,458,87,744,738,662,336,83,710,639,344,105,0,582,369,128,17,0,7.558,7.229,52.75,5.43,0.36,0.293,0,0.197,50.192,49.808,11.412,5.18,6.232,45.391,54.609,34.282,16.406,17.876,47.856,52.144,2.177,1.132,1.045,51.987,48.013,6.081,white
경기도,화성시,2017,37.1995902,126.8313496,719,700,508,192,23,744,744,744,513,95,744,744,686,398,88,717,680,437,137,0,615,412,138,13,0,11.338,22.075,33.897,5.978,0.849,0.267,0.017,0.2,51.352,48.648,8.261,3.533,4.728,42.768,57.232,24.528,12.068,12.46,49.201,50.799,5.161,2.651,2.51,51.36,48.64,4.778,white
경상남도,거제시,2017,34.880555,128.621266,719,716,498,127,5,744,744,744,614,103,744,744,742,610,120,720,712,566,148,0,694,597,208,28,0,5.97,9.96,70.035,3.775,0.098,0.332,0.049,0.305,53.472,46.528,8.03,3.35,4.68,41.718,58.282,26.741,13.303,13.438,49.749,50.251,4.835,2.341,2.494,48.412,51.588,21.8,red
경상남도,거창군,2017,35.686819,127.909515,716,658,420,201,32,744,744,732,396,99,744,731,678,324,86,702,562,267,88,0,567,353,81,16,0,5.102,9.776,75.75,1.234,0.045,0.726,0.019,0.189,49.079,50.921,24.833,9.499,15.334,38.251,61.749,49.112,21.636,27.476,44.054,55.946,26.173,12.513,13.66,47.809,52.191,48.211,red
경상남도,경남고성군,2017,34.9729819,128.3222453,719,719,474,38,0,744,744,744,436,15,744,744,744,589,108,720,712,592,143,0,708,600,200,19,0,5.831,15.48,65.369,2.105,0.078,0.373,0.055,0.409,50.244,49.756,27.127,10.662,16.464,39.306,60.694,52.647,23.616,29.031,44.857,55.143,24.237,11.478,12.759,47.358,52.642,90,red
경상남도,김해시,2017,35.2286634,128.8893494,719,716,507,175,9,736,736,736,527,114,744,744,726,501,107,720,702,486,120,0,686,503,148,12,0,3.962,16.06,50.645,5.262,0.463,0.92,0.222,0.581,50.39,49.61,9.226,3.709,5.517,40.205,59.795,29.72,14.364,15.356,48.33,51.67,4.14,2.089,2.05,50.473,49.527,21.8,red
경상남도,남해군,2017,34.844151,127.890026,719,718,513,183,13,744,744,744,564,144,744,744,735,527,146,720,710,517,129,0,700,547,158,26,0,8.656,13.009,66.806,2.825,0.004,0.127,0.017,0.761,47.814,52.186,35.128,13.351,21.777,38.007,61.993,61.318,26.385,34.933,43.03,56.97,33.498,15.355,18.145,45.838,54.169,147.029,white
경상남도,밀양시,2017,35.503313,128.746721,719,709,520,260,69,744,744,739,611,199,744,744,711,502,187,714,664,429,175,3,668,491,174,28,0,5.933,14.472,64.701,2.259,0.059,0.559,0.01,0.538,48.8,51.2,24.055,9.434,14.621,39.218,60.782,52.126,23.255,28.871,44.613,55.387,20.406,9.483,10.923,46.473,53.527,48.211,red
경상남도,사천시,2017,35.0037792,128.0641853,719,675,457,187,19,744,744,740,543,134,744,742,712,461,140,715,640,410,137,0,651,459,146,22,0,6.256,15.115,57.861,3.169,0.186,0.76,0.033,0.43,50.247,49.753,19.2,7.415,11.786,38.618,61.382,42.096,18.872,23.224,44.831,55.169,13.638,6.549,7.089,48.018,51.982,26.741,red
경상남도,산청군,2017,35.415633,127.873416,719,696,442,206,31,744,744,741,467,116,741,734,689,381,111,713,613,322,108,0,605,370,108,21,0,3.313,8.703,77.611,1.283,0.025,0.373,0.106,0.167,48.17,51.83,33.693,12.878,20.815,38.222,61.778,61.229,27.053,34.177,44.183,55.817,36.319,16.831,19.485,46.343,53.649,147.029,white
경상남도,양산시,2017,35.3350077,129.0370575,719,709,518,226,30,744,744,744,637,164,744,744,726,583,173,720,697,553,170,9,689,594,215,33,2,2.502,6.21,74.241,3.401,0.352,0.204,0.084,0.407,50.024,49.976,11.295,4.741,6.554,41.974,58.026,32.801,15.642,17.159,47.688,52.312,2.124,1.025,1.099,48.27,51.746,6.081,white
경상남도,의령군,2017,35.32219,128.261742,717,683,464,241,45,743,743,735,561,155,744,739,687,437,146,713,630,353,132,0,644,446,135,23,0,7.176,11.41,68.516,1.593,0.011,0.135,0.023,0.502,47.742,52.258,35.044,12.807,22.237,36.546,63.454,61.232,26.363,34.869,43.055,56.945,34.615,16.149,18.466,46.654,53.346,147.029,white
경상남도,진주시,2017,35.181243,128.108058,719,675,457,187,19,744,744,740,543,134,744,742,712,461,140,715,640,410,137,0,651,459,146,22,0,6.829,12.384,58.378,3.411,0.255,1.575,0.007,0.409,49.84,50.16,13.971,5.623,8.348,40.246,59.754,35.881,16.413,19.467,45.744,54.256,9.704,4.679,5.024,48.224,51.776,26.741,red
경상남도,창녕군,2017,35.5445928,128.492328,719,709,520,260,69,744,744,739,611,199,744,744,711,502,187,714,664,429,175,3,668,491,174,28,0,10.018,17.017,53.342,2.504,0.045,0.748,0.017,0.843,49.533,50.467,27.545,10.538,17.007,38.257,61.743,54.673,24.163,30.51,44.195,55.805,26.136,12.281,13.856,46.991,53.016,32.167,red
경상남도,통영시,2017,34.854402,128.433246,719,719,474,38,0,744,744,744,436,15,744,744,744,589,108,720,712,592,143,0,708,600,200,19,0,13.277,6.686,64.761,3.945,0.215,0.481,0.018,0.728,50.613,49.387,15.411,6.395,9.016,41.497,58.503,39.461,18.33,21.131,46.45,53.55,6.032,2.863,3.168,47.475,52.525,6.081,white
경상남도,하동군,2017,35.0672107,127.7512686,718,718,545,190,15,704,704,704,524,111,744,744,736,513,133,720,709,543,134,0,699,577,160,21,0,4.207,12.23,72.266,1.618,0.003,0.193,0.016,0.286,49.016,50.984,31.368,11.997,19.371,38.245,61.755,58.442,25.858,32.584,44.245,55.755,33.064,15.933,17.131,48.189,51.811,136.667,white
경상남도,함안군,2017,35.2724758,128.406535,717,683,464,241,45,743,743,735,561,155,744,739,687,437,146,713,630,353,132,0,644,446,135,23,0,9.323,18.279,50.429,2.528,0.116,0.803,0.011,0.876,50.218,49.782,20.789,8.1,12.689,38.962,61.038,45.301,20.876,24.425,46.082,53.918,18.344,8.028,10.316,43.765,56.235,48.211,red
경상남도,함양군,2017,35.5205452,127.7251759,714,655,432,226,46,744,744,739,423,138,744,730,675,347,123,702,569,294,116,0,547,357,101,23,0,4.702,9,77.334,1.218,0.034,0.551,0.022,0.161,47.716,52.284,31.43,11.646,19.784,37.054,62.946,57.312,24.743,32.569,43.172,56.828,37.348,17.561,19.787,47.021,52.979,147.029,white
경상남도,합천군,2017,35.566603,128.165883,716,680,470,262,70,744,744,738,514,157,744,738,689,399,152,711,620,367,152,2,627,420,135,24,0,4.58,10.6,72.165,1.23,0.006,0.05,0.051,0.207,47.366,52.634,36.92,13.631,23.288,36.922,63.078,63.567,27.2,36.366,42.79,57.21,33.575,15.367,18.205,45.77,54.223,147.029,white
경상북도,경산시,2017,35.8250555,128.7415441,719,709,537,267,70,744,744,741,592,196,744,744,724,450,128,718,699,461,154,0,675,460,123,20,0,7.067,13.571,55.553,3.927,0.255,1.964,0.003,0.554,50.116,49.884,13.399,5.516,7.883,41.169,58.831,34.388,15.948,18.441,46.375,53.625,6.913,3.48,3.433,50.337,49.663,4.778,white
경상북도,경주시,2017,35.8561716,129.224803,719,668,454,212,51,744,744,734,540,188,724,723,684,363,86,713,642,385,124,4,650,452,104,21,0,5.393,12.166,67.158,2.36,0.083,0.302,0.106,0.483,50.09,49.91,18.852,7.567,11.286,40.136,59.864,43.625,20.033,23.592,45.921,54.079,14.878,7.098,7.781,47.704,52.296,48.211,red
경상북도,고령군,2017,35.7261414,128.2629528,716,680,470,262,70,744,744,738,514,157,744,738,689,399,152,711,620,367,152,2,627,420,135,24,0,5.018,13.42,63.898,1.643,0.039,0.138,0.038,0.458,50.36,49.64,27.143,10.992,16.151,40.498,59.502,54.632,25.504,29.128,46.683,53.317,24.248,11.505,12.744,47.445,52.555,48.211,red
경상북도,구미시,2017,36.11949,128.344223,719,706,548,276,75,744,744,736,520,137,744,744,699,385,101,714,666,372,130,0,652,398,109,19,0,6.017,14.887,55.561,3.613,0.268,0.523,0.001,0.23,51.43,48.57,7.469,3.002,4.466,40.199,59.801,26.03,12.717,13.313,48.855,51.145,5.229,2.512,2.718,48.034,51.97,21.8,red
경상북도,군위군,2017,36.2428355,128.5727702,714,620,435,248,88,744,744,731,413,134,744,730,672,338,99,698,554,306,127,0,567,351,100,19,0,5.846,6.886,75.301,1.099,0.023,1.675,0,0.264,49.822,50.178,37.686,15.687,21.999,41.626,58.374,67.11,31.113,35.997,46.361,53.639,38.271,18.078,20.193,47.237,52.763,32.167,red
경상북도,김천시,2017,36.139867,128.1136501,719,706,548,276,75,744,744,736,520,137,744,744,699,385,101,714,666,372,130,0,652,398,109,19,0,6.623,11.439,68.994,1.904,0.12,1.291,0.002,0.263,49.807,50.193,20.105,8.029,12.075,39.938,60.062,44.016,20.08,23.936,45.62,54.38,22.736,11.1,11.636,48.82,51.18,48.211,red
경상북도,문경시,2017,36.586518,128.186797,718,655,454,227,50,744,744,737,344,82,729,725,661,277,58,707,594,300,94,0,590,335,83,11,0,6.215,7.292,77.144,1.543,0.039,0.608,0.003,0.193,48.987,51.013,26.507,10.58,15.927,39.915,60.085,52.985,23.653,29.332,44.64,55.36,24.081,11.913,12.168,49.471,50.529,6.081,white
경상북도,봉화군,2017,36.935951,128.913125,684,564,321,154,25,744,738,680,268,56,742,713,604,206,34,676,472,242,56,0,517,252,48,6,0,7.378,3.645,82.47,0.701,0.007,0.598,0.003,0.113,49.376,50.624,33.473,13.619,19.854,40.686,59.314,62.523,28.629,33.894,45.789,54.211,40.53,19.023,21.507,46.936,53.064,6.455,white
경상북도,상주시,2017,36.410966,128.159024,719,695,531,274,85,744,744,739,479,123,744,744,693,360,96,712,644,349,115,0,608,368,105,18,0,6.836,14.327,66.183,1.727,0.028,0.697,0.005,0.4,49.297,50.703,27.292,10.717,16.575,39.268,60.732,53.506,23.799,29.707,44.479,55.521,30.588,15.202,15.387,49.698,50.302,75.933,red
경상북도,성주군,2017,35.9191465,128.283029,719,706,548,276,75,744,744,736,520,137,744,744,699,385,101,714,666,372,130,0,652,398,109,19,0,5.977,14.272,67.126,1.651,0.018,0.342,0.002,0.534,50.468,49.532,29.083,12.135,16.948,41.724,58.276,58.813,27.59,31.223,46.912,53.088,36.107,17.227,18.88,47.711,52.289,136.667,white
경상북도,안동시,2017,36.564625,128.729889,719,665,468,224,71,744,744,737,424,116,744,737,691,355,85,710,649,331,107,0,625,362,93,16,0,8.332,6.043,70.083,1.412,0.075,0.879,0.009,0.231,49.406,50.594,20.169,8.408,11.76,41.689,58.311,43.623,20.002,23.621,45.851,54.149,18.838,9.145,9.692,48.548,51.452,6.081,white
경상북도,영덕군,2017,36.464821,129.376394,717,642,406,147,22,739,739,717,458,117,744,744,696,292,54,720,673,398,101,1,670,435,72,13,0,4.444,6.012,81.112,1.034,0.002,0.47,0.003,0.241,47.486,52.514,34.613,13.142,21.471,37.97,62.03,62.036,26.562,35.473,42.818,57.182,27.448,13.4,14.048,48.821,51.179,147.029,white
경상북도,영양군,2017,36.6666558,129.1124011,717,642,406,147,22,739,739,717,458,117,744,744,696,292,54,720,673,398,101,1,670,435,72,13,0,6.635,2.5,85.518,0.549,0.003,0.182,0.001,0.116,48.369,51.631,34.215,13.73,20.486,40.127,59.873,61.917,27.714,34.203,44.759,55.241,41.716,19.82,21.896,47.511,52.489,147.029,white
경상북도,영주시,2017,36.805683,128.623971,711,619,415,183,39,743,743,725,318,66,744,733,673,244,47,703,538,264,73,0,581,305,77,6,0,10.517,10.799,64.963,2.1,0.041,2.02,0.01,0.225,50.295,49.705,22.422,9.347,13.075,41.687,58.313,47.691,21.834,25.856,45.784,54.216,17.164,8.723,8.44,50.824,49.176,15.4,white
경상북도,영천시,2017,35.973276,128.938456,718,670,477,232,62,744,744,736,539,174,744,741,700,397,113,710,636,405,141,3,630,433,118,20,0,5.876,10.085,68.042,1.73,0.024,2,0,0.466,49.946,50.054,25.618,10.587,15.031,41.326,58.674,51.957,23.84,28.117,45.884,54.116,23.928,12.01,11.918,50.194,49.81,15.4,white
경상북도,예천군,2017,36.6576999,128.4529642,711,619,415,183,39,743,743,725,318,66,744,733,673,244,47,703,538,264,73,0,581,305,77,6,0,12.055,16.588,54.737,2.079,0.063,0.448,0.017,0.342,48.919,51.081,33.481,13.606,19.875,40.638,59.362,59.542,26.717,32.826,44.87,55.13,40.254,19.394,20.86,48.179,51.821,75.933,red
경상북도,울릉군,2017,37.484401,130.905883,719,609,277,18,0,744,744,739,283,18,744,744,735,259,11,720,720,421,39,0,689,390,47,0,0,17.002,0.556,75.658,1.329,0,0.01,0.01,0.156,54.398,45.602,21.639,9.916,11.723,45.824,54.176,52.313,26.614,25.699,50.875,49.125,11.783,5.88,5.904,49.898,50.102,6.081,white
경상북도,울진군,2017,36.993067,129.400554,718,635,322,29,1,744,744,727,307,47,744,742,702,270,21,720,697,389,47,0,661,391,54,0,0,3.56,4.397,85.572,0.811,0.014,0.012,0.003,0.079,50.146,49.854,25.495,9.787,15.708,38.387,61.613,51.281,23.056,28.225,44.961,55.039,18.763,8.651,10.112,46.108,53.892,6.081,white
경상북도,의성군,2017,36.35267,128.697089,714,620,435,248,88,744,744,731,413,134,744,730,672,338,99,698,554,306,127,0,567,351,100,19,0,6.683,11.447,70.606,1.212,0.01,1.076,0,0.267,48.154,51.846,38.578,15.471,23.107,40.102,59.898,67.704,30.071,37.633,44.415,55.585,43.841,21.63,22.211,49.338,50.662,147.029,white
경상북도,청도군,2017,35.647272,128.7338663,719,709,520,260,69,744,744,739,611,199,744,744,711,502,187,714,664,429,175,3,668,491,174,28,0,5.455,9.348,73.351,1.588,0.005,1.057,0.011,0.453,47.957,52.043,33.456,13.38,20.076,39.994,60.006,62.39,27.817,34.574,44.585,55.415,36.319,17.477,18.842,48.121,51.879,147.029,white
광주광역시,광산구,2017,35.1396023,126.7936349,718,713,554,231,43,744,744,744,659,145,744,744,724,550,141,720,706,537,181,4,696,504,177,21,0,7.639,21.377,34.093,8.025,1.162,0.105,0,0.221,50.145,49.855,8.044,3.152,4.892,39.184,60.816,24.659,11.871,12.788,48.14,51.86,2.454,1.189,1.265,48.471,51.539,4.778,white
광주광역시,광주남구,2017,35.1221068,126.9079579,718,713,554,231,43,744,744,744,659,145,744,744,724,550,141,720,706,537,181,4,696,504,177,21,0,9.013,25.488,29.853,13.34,0.872,0.136,0,0.475,48.514,51.486,14.737,6.291,8.446,42.689,57.311,37.126,16.941,20.185,45.632,54.368,2.35,1.141,1.209,48.563,51.437,4.778,white
광주광역시,광주동구,2017,35.146076,126.9231225,718,713,554,231,43,744,744,744,659,145,744,744,724,550,141,720,706,537,181,4,696,504,177,21,0,3.901,2.705,70.224,10.653,0.11,0.017,0,0.173,50.111,49.889,19.574,8.472,11.102,43.28,56.72,42.564,19.66,22.904,46.19,53.81,1.719,0.858,0.86,49.942,50.058,6.081,white
광주광역시,북구,2017,35.1740167,126.9119842,718,713,554,231,43,744,744,744,659,145,744,744,724,550,141,720,706,537,181,4,696,504,177,21,0,4.667,11.884,42.501,13.484,2.02,0.053,0,1.655,49.911,50.089,12.222,5.213,7.009,42.655,57.345,33.992,15.902,18.089,46.783,53.217,1.81,0.904,0.906,49.932,50.068,21.8,red
광주광역시,광주서구,2017,35.1528248,126.8910977,718,713,554,231,43,744,744,744,659,145,744,744,724,550,141,720,706,537,181,4,696,504,177,21,0,6.867,16.719,16.78,23.692,2.026,0.084,0,0.139,49.388,50.612,11.542,4.932,6.61,42.733,57.267,32.564,15.286,17.278,46.943,53.057,1.241,0.62,0.622,49.934,50.066,4.778,white
대구광역시,대구남구,2017,35.8460222,128.5977235,719,709,537,267,70,744,744,741,592,196,744,744,724,450,128,718,699,461,154,0,675,460,123,20,0,0.279,0.003,23.494,35.031,15.354,0,0,0.025,48.337,51.663,19.315,7.943,11.372,41.121,58.879,44.455,19.749,24.706,44.425,55.575,3.332,1.618,1.714,48.563,51.437,29.5,red
대구광역시,달서구,2017,35.8298561,128.5327576,719,709,537,267,70,744,744,741,592,196,744,744,724,450,128,718,699,461,154,0,675,460,123,20,0,1.366,2.826,31.08,22.857,3.42,0.048,0,0.272,49.715,50.285,10.644,4.508,6.137,42.348,57.652,34.12,16.069,18.051,47.096,52.904,7.589,3.84,3.749,50.599,49.401,6.081,white
대구광역시,달성군,2017,35.774916,128.431686,719,709,537,267,70,744,744,741,592,196,744,744,724,450,128,718,699,461,154,0,675,460,123,20,0,5.427,12.816,59.947,3.372,0.555,0.146,0.088,0.642,50.746,49.254,11.303,4.675,6.628,41.359,58.641,32.646,15.455,17.19,47.342,52.658,7,3.429,3.571,48.983,51.017,26.741,red
대구광역시,대구동구,2017,35.8866013,128.6355799,719,709,537,267,70,744,744,741,592,196,744,744,724,450,128,718,699,461,154,0,675,460,123,20,0,4.747,7.148,60.553,8.106,0.999,0.432,0.015,0.36,49.476,50.524,16.057,6.771,9.286,42.168,57.832,40.073,18.187,21.885,45.386,54.614,13.115,6.636,6.479,50.599,49.401,6.081,white
대구광역시,북구,2017,35.885656,128.582946,719,709,537,267,70,744,744,741,592,196,744,744,724,450,128,718,699,461,154,0,675,460,123,20,0,4.928,3.949,48.902,14.444,0.857,0.454,0,0.396,50.089,49.911,11.473,4.738,6.736,41.293,58.707,33.145,15.563,17.582,46.954,53.046,10.095,5.108,4.987,50.599,49.401,6.081,white
대구광역시,대구서구,2017,35.8717686,128.559115,719,709,537,267,70,744,744,741,592,196,744,744,724,450,128,718,699,461,154,0,675,460,123,20,0,2.381,1.117,11.31,34.806,0.478,0,0,0.265,50.246,49.754,16.913,7.106,9.807,42.017,57.983,45.007,20.646,24.361,45.873,54.127,22.914,11.594,11.32,50.599,49.401,29.5,red
대구광역시,수성구,2017,35.8581602,128.6306367,719,709,537,267,70,744,744,741,592,196,744,744,724,450,128,718,699,461,154,0,675,460,123,20,0,4.43,5.138,49.141,17.683,0.721,0.471,0.024,0.108,48.927,51.073,12.821,5.386,7.435,42.007,57.993,35.648,16.591,19.057,46.541,53.459,10.34,5.232,5.108,50.599,49.401,6.081,white
대구광역시,대구중구,2017,35.8693527,128.6061666,719,709,537,267,70,744,744,741,592,196,744,744,724,450,128,718,699,461,154,0,675,460,123,20,0,0,0,0,60.035,2.828,0,0,0,48.38,51.62,19.061,7.805,11.255,40.95,59.05,41.854,18.628,23.226,44.506,55.494,58.274,29.486,28.788,50.599,49.401,147.029,white
대전광역시,대덕구,2017,36.3467189,127.4155717,719,707,532,267,64,744,744,744,550,126,744,744,694,430,113,719,683,418,140,0,642,429,125,18,0,4.505,3.389,40.332,11.455,0.937,0.138,0.014,0.142,50.684,49.316,11.829,5.085,6.744,42.989,57.011,35.112,16.822,18.29,47.909,52.091,2.143,1.221,0.922,56.976,43.024,6.081,white
대전광역시,대전동구,2017,36.3118501,127.4548274,719,707,532,267,64,744,744,744,550,126,744,744,694,430,113,719,683,418,140,0,642,429,125,18,0,5.63,3.517,60.063,7.636,1.408,0.288,0,0.052,50.547,49.453,14.83,6.302,8.527,42.497,57.503,36.778,17.163,19.615,46.667,53.333,2.139,1.116,1.023,52.177,47.823,6.081,white
대전광역시,대전서구,2017,36.3554946,127.3837971,719,707,532,267,64,744,744,744,550,126,744,744,694,430,113,719,683,418,140,0,642,429,125,18,0,4.219,6.851,49.607,16.016,2.825,0.126,0.004,0.055,49.302,50.698,10.022,4.328,5.694,43.186,56.814,31.103,14.683,16.42,47.208,52.792,1.479,0.749,0.73,50.624,49.376,6.081,white
대전광역시,유성구,2017,36.3623035,127.3560786,719,707,532,267,64,744,744,744,550,126,744,744,694,430,113,719,683,418,140,0,642,429,125,18,0,5.667,8.548,48.591,12.634,1.724,0.75,0,0.648,51.63,48.37,7.175,3.038,4.136,42.347,57.653,25.191,12.278,12.913,48.741,51.259,4.975,2.504,2.471,50.328,49.672,6.081,white
대전광역시,대전중구,2017,36.3255706,127.4213488,719,707,532,267,64,744,744,744,550,126,744,744,694,430,113,719,683,418,140,0,642,429,125,18,0,4.487,4.265,57.719,15.406,1.52,0.368,0,0.017,49.554,50.446,15.653,6.756,8.896,43.164,56.836,38.478,17.891,20.586,46.498,53.502,1.243,0.662,0.581,53.283,46.717,6.081,white
부산광역시,강서구,2017,35.2122307,128.9805945,719,719,483,61,1,744,744,744,487,33,744,744,740,588,100,720,718,616,134,0,711,612,218,23,0,5.568,25.885,2.348,5.526,1.13,0.032,0.339,0.204,51.126,48.874,11.045,4.948,6.097,44.801,55.199,31.387,15.126,16.262,48.19,51.81,18.067,9.248,8.819,51.188,48.812,26.741,red
부산광역시,금정구,2017,35.2429921,129.0922773,719,719,483,61,1,744,744,744,487,33,744,744,740,588,100,720,718,616,134,0,711,612,218,23,0,1.45,5.341,62.47,10.743,0.146,0.001,0.351,0.184,49.05,50.95,16.006,6.914,9.092,43.197,56.803,41.719,19.047,22.672,45.656,54.344,8.602,4.295,4.307,49.928,50.072,6.081,white
부산광역시,기장군,2017,35.2446052,129.2222927,719,719,483,61,1,744,744,744,487,33,744,744,740,588,100,720,718,616,134,0,711,612,218,23,0,2.991,9.888,67.158,4.721,0.887,0.989,0.007,0.682,49.083,50.917,13.421,5.566,7.855,41.473,58.527,32.35,14.539,17.811,44.942,55.058,3.201,1.604,1.597,50.103,49.897,21.8,red
부산광역시,부산남구,2017,35.136588,129.084336,719,719,483,61,1,744,744,744,487,33,744,744,740,588,100,720,718,616,134,0,711,612,218,23,0,1.013,0.448,31.384,30.988,0.273,0,0.004,0.735,49.205,50.795,16.168,7.002,9.166,43.306,56.694,39.857,18.187,21.67,45.631,54.369,7.598,3.793,3.804,49.928,50.072,14.593,white
부산광역시,부산동구,2017,35.1390588,129.0569225,719,719,483,61,1,744,744,744,487,33,744,744,740,588,100,720,718,616,134,0,711,612,218,23,0,0.534,0.194,28.14,37.129,0.16,0,0,0.196,49.021,50.979,23.036,9.509,13.527,41.279,58.721,49.81,22.385,27.425,44.94,55.06,24.556,12.261,12.296,49.928,50.072,14.593,white
부산광역시,동래구,2017,35.2048575,129.0836402,719,719,483,61,1,744,744,744,487,33,744,744,740,588,100,720,718,616,134,0,711,612,218,23,0,1.131,0.705,26.565,42.644,0.391,0,0.188,0.16,48.88,51.12,15.167,6.7,8.467,44.174,55.826,40.49,18.604,21.886,45.948,54.052,8.026,4.007,4.019,49.928,50.072,14.593,white
부산광역시,부산진구,2017,35.1630009,129.0531722,719,719,483,61,1,744,744,744,487,33,744,744,740,588,100,720,718,616,134,0,711,612,218,23,0,0.292,0.792,32.716,32.108,11.88,0,0.021,0.22,48.516,51.484,15.934,6.799,9.135,42.668,57.332,40.388,18.414,21.974,45.592,54.408,5.694,2.843,2.851,49.928,50.072,14.593,white
부산광역시,북구,2017,35.1971347,128.9903711,719,719,483,61,1,744,744,744,487,33,744,744,740,588,100,720,718,616,134,0,711,612,218,23,0,0.528,1.691,55.855,16.274,1.225,0.007,0,0.422,49.617,50.383,12.628,5.411,7.217,42.847,57.153,38.874,18.371,20.503,47.257,52.743,6.945,3.468,3.478,49.928,50.072,6.081,white
부산광역시,사상구,2017,35.152612,128.991178,719,719,483,61,1,744,744,744,487,33,744,744,740,588,100,720,718,616,134,0,711,612,218,23,0,0.358,1.138,33.892,18.242,0.265,0,0,0.142,50.261,49.739,13.185,5.705,7.48,43.271,56.729,40.192,19.165,21.027,47.685,52.315,9.12,4.553,4.566,49.928,50.072,6.081,white
부산광역시,사하구,2017,35.1044667,128.9747917,719,719,483,61,1,744,744,744,487,33,744,744,740,588,100,720,718,616,134,0,711,612,218,23,0,4.128,0.407,32.24,19.406,0.807,0,0,0.312,49.679,50.321,14.075,6.065,8.011,43.087,56.913,39.499,18.418,21.081,46.628,53.372,6.408,3.2,3.209,49.928,50.072,6.081,white
부산광역시,부산서구,2017,35.09773,129.0241207,719,719,483,61,1,744,744,744,487,33,744,744,740,588,100,720,718,616,134,0,711,612,218,23,0,3.032,0.319,48.772,27.028,0.043,0,0.131,0.955,48.79,51.21,21.29,8.825,12.465,41.45,58.55,47.702,21.54,26.162,45.156,54.844,19.357,9.665,9.693,49.928,50.072,14.593,white
부산광역시,수영구,2017,35.1455593,129.1131945,719,719,483,61,1,744,744,744,487,33,744,744,740,588,100,720,718,616,134,0,711,612,218,23,0,0.251,0.046,23.561,50.639,0.716,0,0,0.027,47.607,52.393,17.772,7.743,10.028,43.571,56.429,43.215,19.225,23.991,44.486,55.514,12.231,6.107,6.124,49.928,50.072,14.593,white
부산광역시,연제구,2017,35.1762217,129.0796413,719,719,483,61,1,744,744,744,487,33,744,744,740,588,100,720,718,616,134,0,711,612,218,23,0,0.294,0.236,24.457,46.112,0.472,0,0,0.684,48.564,51.436,15.588,6.853,8.735,43.964,56.036,40.625,18.595,22.03,45.772,54.228,10.457,5.221,5.236,49.928,50.072,14.593,white
부산광역시,영도구,2017,35.0912316,129.0681448,719,719,483,61,1,744,744,744,487,33,744,744,740,588,100,720,718,616,134,0,711,612,218,23,0,2.499,0.833,27.622,28.904,0.693,0,10.869,0.397,50.111,49.889,20.931,8.624,12.306,41.204,58.796,47.306,21.356,25.95,45.145,54.855,16.773,8.374,8.398,49.928,50.072,14.593,white
부산광역시,부산중구,2017,35.1061458,129.032342,719,719,483,61,1,744,744,744,487,33,744,744,740,588,100,720,718,616,134,0,711,612,218,23,0,0.078,0,3.756,52.771,6.034,0,0,0,48.715,51.285,21.478,8.843,12.635,41.175,58.825,48.963,22.002,26.961,44.936,55.064,49.012,24.471,24.541,49.928,50.072,147.029,white
부산광역시,해운대구,2017,35.1632066,129.1637957,719,719,483,61,1,744,744,744,487,33,744,744,740,588,100,720,718,616,134,0,711,612,218,23,0,1.578,2.823,54.012,18.969,1.473,0.041,0,0.067,48.573,51.427,13.724,5.819,7.905,42.399,57.601,37.888,17.451,20.437,46.06,53.94,5.183,2.588,2.595,49.928,50.072,6.081,white
울산광역시,울산남구,2017,35.5437564,129.3299109,718,691,438,124,9,744,744,744,571,134,744,744,725,444,70,720,706,493,90,0,687,544,126,15,0,2.277,3.203,25.105,14.039,1.054,0.442,0,0.382,51.146,48.854,8.778,3.923,4.855,44.692,55.308,33.005,16.269,16.736,49.293,50.707,1.238,0.625,0.613,50.475,49.525,6.081,white
울산광역시,울산북구,2017,35.5048563,129.4166007,718,691,438,124,9,744,744,744,571,134,744,744,725,444,70,720,706,493,90,0,687,544,126,15,0,2.12,2.803,50.621,13.016,0.438,0.165,0,0.134,53.255,46.745,8.102,3.792,4.31,46.798,53.202,31.593,15.649,15.944,49.532,50.468,0.494,0.254,0.24,51.418,48.582,6.081,white
울산광역시,북구,2017,35.582734,129.3609087,718,691,438,124,9,744,744,744,571,134,744,744,725,444,70,720,706,493,90,0,687,544,126,15,0,4.202,11.248,63.593,4.028,0.43,0.71,0,0.446,51.954,48.046,6.664,2.781,3.883,41.736,58.264,26.962,13.742,13.22,50.967,49.033,2.859,1.414,1.445,49.464,50.536,21.8,red
울산광역시,울주군,2017,35.5687911,129.3321348,718,691,438,124,9,744,744,744,571,134,744,744,725,444,70,720,706,493,90,0,687,544,126,15,0,2.878,9.708,68.872,2.504,0.162,1.315,0.004,0.349,51.566,48.434,11.922,4.961,6.961,41.616,58.384,34.395,16.739,17.656,48.668,51.332,8.177,4.022,4.154,49.194,50.806,90,red
울산광역시,울산중구,2017,37.4736787,126.6215625,718,691,438,124,9,744,744,744,571,134,744,744,725,444,70,720,706,493,90,0,687,544,126,15,0,6.238,6.349,38.397,20.298,1.16,1.94,0,0.928,51.052,48.948,10.894,4.815,6.079,44.202,55.798,35.966,17.377,18.588,48.316,51.684,1.527,0.779,0.747,51.036,48.964,6.081,white
인천광역시,강화군,2017,37.7465596,126.4878458,719,717,506,108,0,744,744,744,467,27,744,744,699,424,71,720,715,555,100,0,678,428,104,4,0,9.409,29.975,43.344,3.7,0.011,0.083,0.045,0.435,50.168,49.832,29.747,13.232,16.514,44.483,55.517,58.094,27.481,30.613,47.305,52.695,26.989,12.816,14.173,47.486,52.514,75.933,red
인천광역시,계양구,2017,37.5369504,126.7377435,719,717,506,108,0,744,744,744,467,27,744,744,699,424,71,720,715,555,100,0,678,428,104,4,0,11.56,20.643,27.788,15.33,0.715,0.081,0.001,0.251,49.83,50.17,9.221,3.846,5.375,41.712,58.288,33.624,16.265,17.359,48.375,51.625,10.159,5.006,5.153,49.276,50.724,26.741,red
인천광역시,인천남구,2017,37.4635416,126.6505599,719,717,506,108,0,744,744,744,467,27,744,744,699,424,71,720,715,555,100,0,678,428,104,4,0,0.864,0.176,7.019,43.476,2.379,0,0,0.034,50.659,49.341,13.794,5.987,7.807,43.405,56.595,36.957,17.314,19.644,46.847,53.153,7.966,3.925,4.041,49.276,50.724,14.593,white
인천광역시,남동구,2017,37.4469893,126.7319416,719,717,506,108,0,744,744,744,467,27,744,744,699,424,71,720,715,555,100,0,678,428,104,4,0,9.896,2.121,18.271,20.761,10.061,0.399,0,0.191,49.736,50.264,10.404,4.422,5.982,42.5,57.5,32.811,15.483,17.329,47.187,52.813,6.31,3.109,3.201,49.276,50.724,6.081,white
인천광역시,인천동구,2017,37.4738184,126.6433385,719,717,506,108,0,744,744,744,467,27,744,744,699,424,71,720,715,555,100,0,678,428,104,4,0,0.001,0,0.907,25.392,2.959,0,0,0,50.176,49.824,17.869,7.408,10.461,41.459,58.541,41.447,19.197,22.25,46.318,53.682,47.469,23.391,24.078,49.276,50.724,6.455,white
인천광역시,부평구,2017,37.5069818,126.7217739,719,717,506,108,0,744,744,744,467,27,744,744,699,424,71,720,715,555,100,0,678,428,104,4,0,1.925,2.019,22.376,32.435,2.609,0,0,0.093,49.604,50.396,11.257,4.76,6.497,42.286,57.714,34.807,16.444,18.364,47.242,52.758,6.115,3.013,3.102,49.276,50.724,14.593,white
인천광역시,인천서구,2017,37.545487,126.6760311,719,717,506,108,0,744,744,744,467,27,744,744,699,424,71,720,715,555,100,0,678,428,104,4,0,7.693,10.243,23.53,14.76,3.102,0.216,0.003,0.196,50.377,49.623,8.573,3.653,4.92,42.612,57.388,29.713,14.532,15.181,48.908,51.092,6.607,3.256,3.351,49.276,50.724,4.778,white
인천광역시,연수구,2017,37.4101597,126.6783087,719,717,506,108,0,744,744,744,467,27,744,744,699,424,71,720,715,555,100,0,678,428,104,4,0,1.543,0.554,7.205,30.52,13.898,0,0.032,0.098,49.833,50.167,8.224,3.414,4.81,41.514,58.486,29.892,14.571,15.321,48.746,51.254,10.125,4.989,5.136,49.276,50.724,14.593,white
인천광역시,옹진군,2017,37.4464879,126.6368118,719,717,506,108,0,744,744,744,467,27,744,744,699,424,71,720,715,555,100,0,678,428,104,4,0,9.123,7.45,70.579,2.207,0.005,0.322,0.009,0.19,57.125,42.875,21.978,9.664,12.313,43.974,56.026,50.083,25.371,24.712,50.657,49.343,15.776,7.438,8.337,47.151,52.849,6.081,white
인천광역시,인천중구,2017,37.4736787,126.6215625,719,717,506,108,0,744,744,744,467,27,744,744,699,424,71,720,715,555,100,0,678,428,104,4,0,4.25,5.381,25.363,8.549,0.114,2.216,0.78,0.109,51.477,48.523,13.629,5.89,7.739,43.22,56.78,34.477,16.622,17.855,48.211,51.789,29.856,14.712,15.144,49.276,50.724,32.167,red
전라남도,강진군,2017,34.6420774,126.767261,719,695,483,146,7,585,585,585,443,74,744,744,709,529,127,718,685,456,148,0,651,480,173,27,0,6.189,21.807,57.654,2.101,0.006,0.163,0.007,0.255,48.126,51.874,32.055,12.403,19.653,38.691,61.309,56.798,24.88,31.918,43.804,56.196,33.769,15.797,17.972,46.78,53.22,147.029,white
전라남도,고흥군,2017,34.610806,127.285059,719,676,427,124,4,744,744,741,496,82,744,744,696,494,104,717,690,481,136,0,650,507,153,20,0,10.036,19.533,56.202,1.947,0.015,0.256,0,0.234,48.167,51.833,39.227,15.638,23.589,39.866,60.134,65.19,28.849,36.342,44.253,55.747,43.265,19.732,23.535,45.606,54.397,147.029,white
전라남도,곡성군,2017,35.2820105,127.2920564,717,659,439,196,31,744,744,744,499,109,744,735,686,361,97,708,640,348,114,0,609,397,109,15,0,5.242,11.647,72.059,1.462,0.015,0.171,0.037,0.234,48.528,51.472,32.889,12.532,20.357,38.104,61.896,55.758,24.377,31.381,43.719,56.281,42.345,20.898,21.447,49.352,50.648,147.029,white
전라남도,광양시,2017,34.9406485,127.695974,718,718,545,190,15,704,704,704,524,111,744,744,736,513,133,720,709,543,134,0,699,577,160,21,0,3.988,10.359,64.885,2.814,0.3,0.066,0.046,0.273,51.62,48.38,11.34,4.633,6.707,40.857,59.143,32.856,16.27,16.586,49.519,50.481,11.83,5.675,6.154,47.975,52.025,90,red
전라남도,구례군,2017,35.2024951,127.4627923,715,643,403,149,9,744,744,738,457,112,742,738,693,383,107,713,620,362,116,0,573,366,108,18,0,4.26,9.385,77.014,1.545,0.012,0.124,0.012,0.135,48.427,51.573,32.231,12.51,19.721,38.813,61.187,57.88,25.528,32.352,44.105,55.895,39.496,18.03,21.471,45.649,54.361,147.029,white
전라남도,나주시,2017,35.015893,126.710868,718,713,554,231,43,744,744,744,659,145,744,744,724,550,141,720,706,537,181,4,696,504,177,21,0,10.097,24.573,38.603,3.789,0.36,2.258,0.018,0.294,49.41,50.59,23.037,8.982,14.055,38.989,61.011,44.671,20.145,24.525,45.097,54.903,23.881,11.555,12.325,48.388,51.612,26.741,red
전라남도,담양군,2017,35.3212228,126.9882508,717,659,439,196,31,744,744,744,499,109,744,735,686,361,97,708,640,348,114,0,609,397,109,15,0,5.62,17.674,60.496,2.558,0.021,0.173,0.007,0.284,49.251,50.749,29.429,11.711,17.718,39.794,60.206,54.562,24.55,30.013,44.994,55.006,27.646,13.181,14.465,47.678,52.322,136.667,white
전라남도,목포시,2017,34.810673,126.392732,719,714,527,119,0,744,744,744,625,108,744,744,728,554,122,720,715,585,126,0,711,510,132,18,0,13.972,4.794,22.21,22.569,2.264,0.013,0.056,0.327,50.204,49.796,13.827,5.748,8.078,41.575,58.425,35.428,16.416,19.012,46.335,53.665,1.453,0.73,0.723,50.22,49.78,6.081,white
전라남도,무안군,2017,34.9904542,126.4816856,719,685,462,150,1,742,742,742,604,117,735,734,698,489,126,720,678,419,131,2,646,401,107,16,0,20.768,19.655,33.313,3.154,0.248,0.073,0.033,0.206,50.393,49.607,18.908,7.631,11.277,40.358,59.642,38.316,17.642,20.674,46.044,53.956,23.101,10.97,12.13,47.486,52.509,26.741,red
전라남도,보성군,2017,34.7714286,127.0800892,719,706,520,175,8,744,744,744,569,105,744,744,712,500,127,717,695,465,149,0,665,488,166,29,0,7.29,16.673,62.169,2.099,0.004,0.342,0,0.177,48.111,51.889,35.785,13.965,21.82,39.025,60.975,60.159,26.417,33.742,43.912,56.088,36.386,17.094,19.289,46.98,53.013,147.029,white
전라남도,순천시,2017,34.9506366,127.4873242,715,643,403,149,9,744,744,738,457,112,742,738,693,383,107,713,620,362,116,0,573,366,108,18,0,5.995,11.506,67.973,2.467,0.242,0.236,0.01,0.197,49.904,50.096,13.747,5.723,8.024,41.629,58.371,35.659,16.862,18.798,47.285,52.715,9.595,4.607,4.988,48.016,51.984,48.211,red
전라남도,신안군,2017,34.833291,126.351357,719,685,462,150,1,742,742,742,604,117,735,734,698,489,126,720,678,419,131,2,646,401,107,16,0,16.323,15.844,49.795,1.631,0.006,0.022,0.007,0.305,51.889,48.111,35.563,14.461,21.102,40.664,59.336,62.687,29.472,33.215,47.014,52.986,44.462,20.97,23.492,47.164,52.836,75.933,red
전라남도,여수시,2017,34.760495,127.661571,719,719,539,85,5,744,744,744,489,35,744,744,744,594,114,720,719,656,128,0,710,625,202,17,0,12.674,7.771,59.522,4.491,0.462,0.108,0.076,0.349,50.867,49.133,16.567,7.029,9.538,42.43,57.57,40.478,19.134,21.344,47.271,52.729,7.274,3.494,3.78,48.032,51.968,6.081,white
전라남도,영광군,2017,35.2771368,126.5120749,719,685,462,150,1,742,742,742,604,117,735,734,698,489,126,720,678,419,131,2,646,401,107,16,0,12.717,23.944,43.775,2.868,0.078,0.14,0.002,0.132,49.645,50.355,27.683,11.124,16.558,40.185,59.815,51.42,23.332,28.088,45.375,54.625,25.861,12.313,13.548,47.612,52.388,48.211,red
전라남도,영암군,2017,34.8001685,126.6967918,719,695,483,146,7,585,585,585,443,74,744,744,709,529,127,718,685,456,148,0,651,480,173,27,0,9.962,26.544,37.897,2.36,0.323,0.652,0.035,0.191,51.361,48.639,23.194,9.103,14.091,39.247,60.753,45.062,20.901,24.161,46.383,53.617,28.687,13.306,15.383,46.382,53.624,75.933,red
전라남도,완도군,2017,34.310951,126.755043,719,718,512,126,4,744,744,744,566,91,744,744,731,563,110,720,717,599,128,0,715,571,190,24,0,13.533,9.018,65.347,2.41,0.022,0.267,0,0.348,50.208,49.792,30.82,12.827,17.993,41.62,58.38,55.83,25.642,30.188,45.929,54.071,18.54,8.617,9.923,46.478,53.522,90,red
전라남도,장성군,2017,35.3018328,126.784854,718,713,554,231,43,744,744,744,659,145,744,744,724,550,141,720,706,537,181,4,696,504,177,21,0,6.705,15.352,61.425,2.195,0.048,0.481,0.029,0.256,49.714,50.286,28.59,11.363,17.227,39.744,60.256,51.943,23.496,28.447,45.233,54.767,29.109,13.396,15.716,46.021,53.988,136.667,white
전라남도,장흥군,2017,34.681629,126.907059,719,700,493,167,6,744,744,741,540,103,744,744,703,477,113,716,670,438,139,0,624,459,159,23,0,5.393,15.528,64.698,1.793,0.053,0.129,0.017,0.267,48.548,51.452,32.432,12.721,19.712,39.222,60.778,57.623,25.6,32.022,44.428,55.572,28.945,13.089,15.859,45.22,54.79,147.029,white
전라남도,진도군,2017,34.455349,126.245964,719,649,272,60,0,731,731,730,235,39,744,744,697,287,41,720,691,279,38,0,671,317,58,6,0,12.614,16.62,57.512,1.685,0.011,0.15,0.008,0.385,48.919,51.081,33.3,12.966,20.335,38.936,61.064,58.45,26.095,32.356,44.644,55.356,32.771,14.642,18.129,44.679,55.321,75.933,red
전라남도,함평군,2017,35.065912,126.5166908,719,685,462,150,1,742,742,742,604,117,735,734,698,489,126,720,678,419,131,2,646,401,107,16,0,12.27,22.828,46.712,3.038,0.087,0.155,0.102,0.092,49.279,50.721,34.517,13.418,21.098,38.874,61.126,59.261,26.481,32.78,44.685,55.315,43.754,21.377,22.373,48.858,51.135,75.933,red
전라남도,해남군,2017,34.573361,126.599229,718,687,460,165,9,744,744,744,612,124,744,742,706,525,147,716,685,455,148,0,615,444,153,24,0,12.095,22.409,44.193,1.866,0.101,0.108,0.017,0.365,48.822,51.178,29.92,11.92,18,39.841,60.159,54.799,24.863,29.937,45.37,54.63,29.306,14.034,15.272,47.889,52.111,75.933,red
전라남도,화순군,2017,35.0644478,126.9866463,718,713,554,231,43,744,744,744,659,145,744,744,724,550,141,720,706,537,181,4,696,504,177,21,0,6.115,9.15,73.261,1.604,0.039,0.211,0.003,0.333,48.352,51.648,24.91,9.36,15.551,37.573,62.427,47.761,21.205,26.556,44.398,55.602,22.459,10.147,12.313,45.178,54.822,90,red
전라북도,고창군,2017,35.435788,126.702109,719,677,499,199,24,744,744,744,643,162,741,741,693,496,128,715,681,421,156,3,628,382,100,17,0,15.343,23.288,43.313,2.756,0.02,0.083,0.005,0.349,49.531,50.469,31.331,12.354,18.978,39.429,60.571,55.907,24.82,31.088,44.394,55.606,34.187,16.827,17.36,49.22,50.78,75.933,red
전라북도,군산시,2017,35.967605,126.736874,719,698,492,165,3,744,744,744,546,71,735,735,683,417,93,720,689,417,107,0,671,444,115,10,0,5.15,33.292,20.084,6.141,0.546,0.048,0.013,0.296,50.985,49.015,15.324,6.467,8.857,42.204,57.796,36.982,17.516,19.466,47.363,52.637,6.651,3.409,3.241,51.262,48.738,21.8,red
전라북도,김제시,2017,35.8036204,126.8804518,719,701,476,155,1,740,740,740,606,113,744,744,701,465,113,705,670,400,133,3,648,421,123,16,0,9.979,40.048,21.323,3.545,0.059,0.243,0.038,0.547,49.149,50.851,29.413,11.588,17.825,39.399,60.601,54.183,24.163,30.021,44.594,55.406,25.399,12.596,12.802,49.595,50.405,26.741,red
전라북도,남원시,2017,35.416305,127.390415,719,674,470,212,31,744,744,744,505,124,744,738,686,382,105,712,654,374,117,0,630,422,103,17,0,5.414,16.747,63.018,1.928,0.041,0.323,0.086,0.185,49.064,50.936,25.533,10.035,15.498,39.302,60.698,49.236,22.185,27.051,45.059,54.941,23.96,11.403,12.557,47.593,52.407,48.211,red
전라북도,무주군,2017,36.006819,127.660808,713,657,443,210,40,744,744,741,441,98,744,734,664,324,82,707,584,286,103,0,546,342,86,12,0,5.803,4.972,81.246,0.987,0.004,0.051,0.015,0.158,49.563,50.437,31.263,12.368,18.895,39.561,60.439,56.632,25.641,30.991,45.276,54.724,36.456,16.896,19.56,46.346,53.654,6.455,white
전라북도,부안군,2017,35.731686,126.733551,719,701,476,155,1,740,740,740,606,113,744,744,701,465,113,705,670,400,133,3,648,421,123,16,0,10.837,28.76,40.43,2.716,0.045,0.022,0.069,0.307,49.492,50.508,30.551,12.097,18.454,39.596,60.404,55.849,25.049,30.801,44.85,55.15,30.71,15.082,15.628,49.111,50.889,75.933,red
전라북도,순창군,2017,35.3744135,127.1376242,717,659,439,196,31,744,744,744,499,109,744,735,686,361,97,708,640,348,114,0,609,397,109,15,0,7.51,14.664,65.847,1.558,0.016,0.072,0.011,0.251,47.88,52.12,33.419,12.731,20.688,38.095,61.905,56.689,24.599,32.09,43.392,56.608,39.692,18.462,21.23,46.514,53.486,147.029,white
전라북도,완주군,2017,35.904743,127.162237,719,701,517,178,11,744,744,744,600,106,743,743,703,476,111,720,699,467,140,2,669,449,140,19,0,5.539,9.883,71.741,2.004,0.149,0.126,0.004,0.138,51.13,48.87,19.41,7.92,11.49,40.803,59.197,40.399,18.859,21.54,46.682,53.318,17.774,9.011,8.763,50.697,49.303,90,red
전라북도,익산시,2017,35.9482858,126.9575991,719,701,517,178,11,744,744,744,600,106,743,743,703,476,111,720,699,467,140,2,669,449,140,19,0,10.737,39.634,22.443,5.285,0.21,0.119,0.053,0.303,50.234,49.766,15.959,6.572,9.388,41.178,58.822,38.341,17.868,20.472,46.604,53.396,9.76,5.037,4.722,51.613,48.384,26.741,red
전라북도,임실군,2017,35.617652,127.28952,714,618,393,179,31,744,744,742,404,94,744,730,673,307,92,699,582,284,107,0,545,334,88,16,0,6.9,10.066,68.396,1.38,0.015,0.091,0.017,0.243,50.139,49.861,34.268,13.566,20.702,39.589,60.411,58.062,26.331,31.731,45.35,54.65,37.801,17.944,19.857,47.469,52.531,75.933,red
전라북도,장수군,2017,35.64432,127.522292,705,596,352,149,8,744,744,733,328,48,744,707,628,263,40,686,506,235,48,0,502,288,60,9,0,5.766,8.883,74.984,1.077,0.037,0.737,0.054,0.156,49.305,50.695,31.064,12.394,18.671,39.896,60.104,55.998,25.279,30.719,45.143,54.857,45.421,22.318,23.098,49.136,50.854,32.167,red
전라북도,정읍시,2017,35.824158,127.148054,719,678,479,178,14,744,744,744,601,131,744,744,693,448,113,720,670,379,136,1,629,378,110,17,0,10.622,25.344,46.333,2.829,0.083,0.065,0.017,0.281,49.471,50.529,25.208,10.07,15.138,39.946,60.054,48.583,22.065,26.518,45.418,54.582,21.098,10.281,10.817,48.731,51.269,48.211,red
전라북도,진안군,2017,35.7917297,127.4248356,705,596,352,149,8,744,744,733,328,48,744,707,628,263,40,686,506,235,48,0,502,288,60,9,0,5.084,5.978,77.279,0.922,0.049,0.049,0.018,0.13,49.566,50.434,33.56,13.67,19.891,40.732,59.268,59.28,27.317,31.963,46.082,53.918,38.7,18.467,20.233,47.718,52.282,136.667,white
충청남도,계룡시,2017,36.2745575,127.2485901,719,707,532,267,64,744,744,744,550,126,744,744,694,430,113,719,683,418,140,0,642,429,125,18,0,4.475,6.415,65.582,4.033,0.281,0.156,0.009,0.2,49.59,50.41,9.286,3.727,5.559,40.134,59.866,28.818,13.653,15.165,47.376,52.624,3.466,1.733,1.731,50,49.928,6.081,white
충청남도,공주시,2017,36.4465901,127.1190423,719,707,532,267,64,744,744,744,550,126,744,744,694,430,113,719,683,418,140,0,642,429,125,18,0,6.316,11.861,69.781,2.248,0.064,0.181,0.029,0.316,49.569,50.431,21.319,8.982,12.337,42.132,57.868,45.664,21.262,24.402,46.562,53.438,22.102,10.767,11.336,48.715,51.289,48.211,red
충청남도,금산군,2017,36.108797,127.488153,713,657,443,210,40,744,744,741,441,98,744,734,664,324,82,707,584,286,103,0,546,342,86,12,0,8.787,9.61,70.232,1.81,0.008,0.338,0.026,0.186,50.476,49.524,25.538,10.465,15.074,40.976,59.024,49.911,22.995,26.916,46.072,53.928,28.879,14.284,14.596,49.46,50.54,75.933,red
충청남도,논산시,2017,36.1870655,127.0987456,718,675,461,205,23,744,744,744,496,100,744,742,675,388,98,707,650,363,127,0,612,398,126,16,0,9.722,27.046,42.365,4.117,0.053,0.569,0.009,0.309,50.04,49.96,22.728,9.345,13.383,41.116,58.884,46.779,21.588,25.191,46.148,53.852,20.246,9.73,10.515,48.061,51.935,26.741,red
충청남도,당진시,2017,36.8936109,126.6283278,719,688,431,153,1,744,744,744,456,51,744,744,671,404,71,714,658,403,112,0,632,392,109,2,0,9.954,30.124,32.829,3.187,0.405,0.265,0.006,0.275,52.413,47.587,16.484,7.074,9.41,42.915,57.085,36.762,17.775,18.987,48.352,51.648,19.17,9.78,9.391,51.015,48.985,26.741,red
충청남도,보령시,2017,36.333352,126.612844,719,686,434,101,0,744,744,744,518,29,744,744,688,456,69,720,689,430,85,0,659,430,113,1,0,7.285,18.1,57.399,2.86,0.071,0.205,0.009,0.306,50.637,49.363,22.513,9.431,13.082,41.893,58.107,47.531,21.986,25.545,46.256,53.744,19.352,9.415,9.938,48.651,51.354,48.211,red
충청남도,부여군,2017,36.275651,126.909809,718,675,461,205,23,744,744,744,496,100,744,742,675,388,98,707,650,363,127,0,612,398,126,16,0,7.312,23.693,50.886,2.721,0.016,0.14,0.064,0.438,49.423,50.577,30.185,12.466,17.719,41.298,58.702,56.599,25.753,30.847,45.5,54.5,30.537,14.727,15.81,48.226,51.774,75.933,red
충청남도,서산시,2017,36.784747,126.450326,719,688,431,153,1,744,744,744,456,51,744,744,671,404,71,714,658,403,112,0,632,392,109,2,0,10.601,26.356,39.284,2.618,0.225,0.072,0.039,0.359,51.501,48.499,16.573,6.989,9.584,42.169,57.831,37.605,17.851,19.754,47.469,52.531,16.304,7.863,8.441,48.229,51.771,48.211,red
충청남도,서천군,2017,36.080293,126.691343,719,698,492,165,3,744,744,744,546,71,735,735,683,417,93,720,689,417,107,0,671,444,115,10,0,8.713,29.841,40.053,3.766,0.153,0.061,0.125,0.528,48.983,51.017,32.49,13.335,19.155,41.044,58.956,58.642,26.478,32.164,45.152,54.848,21.936,10.321,11.614,47.053,52.947,26.741,red
충청남도,아산시,2017,36.7899342,127.0025517,717,657,440,191,23,743,743,740,381,64,744,741,668,309,59,704,609,323,88,0,540,345,93,9,0,10.247,23.6,38.674,4.659,0.382,1.567,0.012,0.258,51.444,48.556,11.055,4.571,6.485,41.343,58.657,27.97,13.399,14.571,47.905,52.095,7.02,3.489,3.531,49.705,50.295,26.741,red
충청남도,예산군,2017,36.6826401,126.8487287,719,688,431,153,1,744,744,744,456,51,744,744,671,404,71,714,658,403,112,0,632,392,109,2,0,10.604,22.08,45.069,3.235,0.179,2.212,0.011,0.298,50.073,49.927,27.272,11.52,15.752,42.241,57.759,53.679,24.825,28.854,46.247,53.753,32.028,15.91,16.12,49.673,50.331,32.167,red
충청남도,청양군,2017,36.4591572,126.8022596,718,675,461,205,23,744,744,744,496,100,744,742,675,388,98,707,650,363,127,0,612,398,126,16,0,7.325,14.78,66.106,2,0.015,0.093,0.004,0.298,50.015,49.985,32.278,13.52,18.758,41.886,58.114,58.273,26.887,31.387,46.139,53.861,43.421,21.258,22.162,48.959,51.041,75.933,red
충청남도,태안군,2017,36.7455952,126.2980581,719,688,431,153,1,744,744,744,456,51,744,744,671,404,71,714,658,403,112,0,632,392,109,2,0,12.454,21.83,45.564,2.393,0.012,0.042,0.028,0.17,50.574,49.426,26.957,11.679,15.278,43.324,56.676,53.453,24.749,28.703,46.301,53.699,25.992,12.033,13.957,46.296,53.698,75.933,red
충청남도,홍성군,2017,36.6012856,126.6608045,719,693,471,199,16,744,744,744,516,77,719,717,647,356,61,714,656,352,102,0,568,361,106,7,0,13.555,22.095,44.115,3.91,0.303,0.657,0.005,0.477,49.602,50.398,20.804,8.723,12.08,41.931,58.069,42.833,19.797,23.036,46.219,53.781,18.8,9.299,9.5,49.464,50.53,26.741,red
충청북도,괴산군,2017,36.8153352,127.7866624,718,682,490,234,59,744,744,742,465,99,744,740,673,370,86,706,627,323,99,0,577,371,116,13,0,8.904,7.029,74.017,1.44,0.021,0.307,0.026,0.166,50.968,49.032,29.47,12.458,17.012,42.275,57.725,57.986,27.33,30.655,47.133,52.867,32.908,16.592,16.315,50.421,49.579,75.933,red
충청북도,단양군,2017,36.9846588,128.3654631,711,619,415,183,39,743,743,725,318,66,744,733,673,244,47,703,538,264,73,0,581,305,77,6,0,7.797,1.662,82.129,0.806,0.028,0.138,0.024,0.389,50.117,49.883,26.923,11.106,15.817,41.251,58.749,57.334,26.803,30.532,46.748,53.252,23.297,11.971,11.322,51.385,48.6,6.081,white
충청북도,보은군,2017,36.489384,127.729504,711,653,425,210,51,744,744,738,358,80,744,742,662,312,76,697,567,284,98,0,536,340,82,11,0,8.777,10.162,68.371,1.507,0.031,0.393,0.02,0.252,49.93,50.07,30.838,12.577,18.261,40.785,59.215,58.933,27.208,31.725,46.167,53.833,33.679,16.563,17.116,49.179,50.821,75.933,red
충청북도,영동군,2017,36.174644,127.783504,713,657,443,210,40,744,744,741,441,98,744,734,664,324,82,707,584,286,103,0,546,342,86,12,0,6.07,6.311,77.165,1.152,0.022,0.837,0.029,0.191,49.914,50.086,27.303,11.039,16.264,40.432,59.568,53.024,24.176,28.849,45.594,54.406,32.015,15.125,16.89,47.242,52.758,32.167,red
충청북도,옥천군,2017,36.3063646,127.5712809,719,707,532,267,64,744,744,744,550,126,744,744,694,430,113,719,683,418,140,0,642,429,125,18,0,10.354,8.251,64.491,1.862,0.015,0.615,0.022,0.311,49.963,50.037,26.128,10.796,15.331,41.322,58.678,52.935,24.457,28.478,46.202,53.798,29.349,14.024,15.325,47.783,52.217,75.933,red
충청북도,음성군,2017,36.940235,127.6905015,718,682,490,234,59,744,744,742,465,99,744,740,673,370,86,706,627,323,99,0,577,371,116,13,0,11.934,14.39,52.108,2.86,0.26,1.589,0.009,0.4,52.437,47.563,17.219,7.365,9.854,42.775,57.225,41.418,20.323,21.094,49.069,50.931,17.916,9.179,8.737,51.234,48.766,15.4,white
충청북도,제천시,2017,37.132548,128.190937,713,637,381,177,33,744,744,733,300,55,744,716,644,250,56,682,526,237,61,0,532,276,75,6,0,8.56,3.888,73.09,1.694,0.075,0.448,0.048,0.231,50.308,49.692,17.396,7.348,10.047,42.243,57.757,42.793,20.194,22.599,47.191,52.809,13.16,6.612,6.548,50.245,49.755,6.081,white
충청북도,증평군,2017,36.7853074,127.5814886,719,717,566,259,57,744,744,744,564,123,744,744,705,447,116,720,695,470,138,0,661,453,139,16,0,11.636,16.543,48.901,5.218,0.498,0.384,0.014,0.162,50.647,49.353,14.415,5.896,8.519,40.9,59.1,35.65,16.699,18.951,46.843,53.157,10.619,5.051,5.567,47.571,52.429,26.741,red
충청북도,진천군,2017,36.85538,127.435639,717,657,440,191,23,743,743,740,381,64,744,741,668,309,59,704,609,323,88,0,540,345,93,9,0,8.405,14.655,56.406,2.598,0.329,0.465,0.025,0.228,51.869,48.131,16.398,6.794,9.604,41.434,58.566,39.362,18.854,20.508,47.898,52.102,17.798,8.864,8.934,49.803,50.197,15.4,white
충청북도,충주시,2017,36.989763,127.928951,718,682,490,234,59,744,744,742,465,99,744,740,673,370,86,706,627,323,99,0,577,371,116,13,0,8.012,8.141,62.854,2.548,0.115,1.64,0.039,0.207,50.527,49.473,16.458,6.819,9.639,41.434,58.566,40.535,19.108,21.426,47.141,52.859,12.377,6.174,6.203,49.884,50.116,6.081,white
경상북도,포항시북구,2017,36.0418465,129.3656451,719,714,499,135,30,744,744,744,531,174,744,744,734,451,79,720,711,556,110,2,701,576,155,12,0,5.211,9.86,72.766,2.344,0.069,0.724,0.003,0.331,49.585,50.415,13.751,5.756,7.995,41.86,58.14,39.358,18.316,21.042,46.537,53.463,11.023,5.388,5.635,48.879,51.121,90,red
경상남도,창원시성산구,2017,35.1984659,128.7027178,719,719,506,153,8,744,744,744,585,127,744,744,743,573,142,720,713,565,147,1,700,566,186,25,0,1.159,2.527,54.328,7.946,1.27,0.748,0,0.329,51.72,48.28,5.895,2.492,3.403,42.27,57.73,29.136,14.708,14.428,50.481,49.519,1.006,0.505,0.501,50.176,49.824,6.081,white
충청남도,천안시서북구,2017,36.8785965,127.143142,717,657,440,191,23,743,743,740,381,64,744,741,668,309,59,704,609,323,88,0,540,345,93,9,0,9.334,20.499,25.875,8.528,0.8,7.727,0,0.337,50.996,49.004,7.522,3.115,4.406,41.417,58.583,24.982,12.254,12.728,49.051,50.949,8.952,4.512,4.44,50.4,49.6,26.741,red
경상북도,포항시남구,2017,36.0086283,129.3592306,719,714,499,135,30,744,744,744,531,174,744,744,734,451,79,720,711,556,110,2,701,576,155,12,0,5.934,8.297,64.063,4.211,0.217,0.1,0.015,0.43,51.698,48.302,13.046,5.709,7.337,43.76,56.24,38.793,18.687,20.106,48.172,51.828,12.284,6.004,6.28,48.879,51.121,6.081,white
충청남도,천안시동남구,2017,36.806991,127.150335,717,657,440,191,23,743,743,740,381,64,744,741,668,309,59,704,609,323,88,0,540,345,93,9,0,8.051,12.755,59.67,4.523,0.344,0.256,0.092,0.497,50.715,49.285,11.236,4.745,6.491,42.228,57.772,31.465,15.132,16.332,48.093,51.907,11.759,5.927,5.833,50.4,49.6,26.741,red
경상남도,창원시진해구,2017,35.1330251,128.7100381,719,719,506,153,8,744,744,744,585,127,744,744,743,573,142,720,713,565,147,1,700,566,186,25,0,3.177,5.181,58.296,9.359,0.942,0.345,0.041,0.347,51.036,48.964,11.765,4.937,6.828,41.964,58.036,32.042,15.055,16.987,46.985,53.015,1.947,0.976,0.971,50.142,49.858,6.081,white
전라북도,전주시완산구,2017,35.812111,127.1199201,719,701,517,178,11,744,744,744,600,106,743,743,703,476,111,720,699,467,140,2,669,449,140,19,0,5.666,11.737,45.457,17.096,1.052,0.284,0.002,0.247,49.088,50.912,12.554,5.28,7.273,42.063,57.937,34.08,15.773,18.308,46.281,53.719,2.11,0.847,1.264,40.115,59.885,21.8,red
경기도,고양시일산서구,2017,37.6754336,126.7505994,719,717,506,108,0,744,744,744,467,27,744,744,699,424,71,720,715,555,100,0,678,428,104,4,0,8.404,22.531,3.995,19.517,3.211,0.264,0,0.053,48.543,51.457,10.594,4.293,6.301,40.519,59.481,31.888,15.18,16.708,47.603,52.397,6.751,3.373,3.379,49.956,50.044,4.778,white
경상남도,창원시마산회원구,2017,35.2206349,128.5795296,719,719,506,153,8,744,744,744,585,127,744,744,743,573,142,720,713,565,147,1,700,566,186,25,0,2.278,5.955,69.945,7.06,0.283,0.776,0.001,0.287,50.245,49.755,12.851,5.589,7.261,43.496,56.504,37.837,17.863,19.974,47.21,52.79,2.104,1.069,1.035,50.798,49.202,6.081,white
경기도,용인시수지구,2017,37.32215,127.0974374,719,700,508,192,23,744,744,744,513,95,744,744,686,398,88,717,680,437,137,0,615,412,138,13,0,3.356,2.619,51.705,23.262,3.47,0.049,0,0.079,48.94,51.06,11.576,5.181,6.395,44.759,55.241,29.158,13.92,15.238,47.739,52.261,6.284,3.161,3.123,50.3,49.7,6.081,white
충청북도,청주시상당구,2017,36.6510445,127.4870295,719,717,566,259,57,744,744,744,564,123,744,744,705,447,116,720,695,470,138,0,661,453,139,16,0,8.019,8.952,66.807,3.192,0.099,0.172,0.037,0.318,50.008,49.992,13.581,5.606,7.974,41.281,58.719,36.719,17.307,19.412,47.134,52.866,25.321,12.823,12.498,50.641,49.359,26.741,red
경기도,고양시일산동구,2017,37.6585751,126.7749035,719,717,506,108,0,744,744,744,467,27,744,744,699,424,71,720,715,555,100,0,678,428,104,4,0,11.738,11.878,21.769,17.158,5.115,0.185,0.147,0.442,48.621,51.379,10.634,4.323,6.311,40.654,59.346,32.88,15.605,17.275,47.461,52.539,6.923,3.458,3.465,49.956,50.044,26.741,red
경기도,용인시기흥구,2017,37.2801554,127.114659,719,700,508,192,23,744,744,744,513,95,744,744,686,398,88,717,680,437,137,0,615,412,138,13,0,3.423,4.327,38.774,19.205,4.24,0.007,0.376,0.071,49.512,50.488,10.589,4.65,5.939,43.918,56.082,27.407,12.963,14.444,47.299,52.701,5.127,2.579,2.548,50.3,49.7,6.081,white
경기도,용인시처인구,2017,37.2344406,127.2013458,719,700,508,192,23,744,744,744,513,95,744,744,686,398,88,717,680,437,137,0,615,412,138,13,0,8.021,13.902,56.044,4.41,0.047,0.052,0.367,0.464,51.443,48.557,11.942,5.114,6.828,42.822,57.178,32.679,15.776,16.902,48.278,51.722,9.306,4.681,4.625,50.3,49.7,26.741,red
경상남도,창원시마산합포구,2017,35.1969107,128.5678853,719,719,506,153,8,744,744,744,585,127,744,744,743,573,142,720,713,565,147,1,700,566,186,25,0,4.037,10.514,70.542,4.037,0.194,0.631,0.057,0.453,49.813,50.187,16.923,7.061,9.862,41.726,58.274,42.54,19.406,23.134,45.619,54.381,3.805,1.859,1.946,48.853,51.147,21.8,red
경기도,안산시단원구,2017,37.3193953,126.8123263,719,700,508,192,23,744,744,744,513,95,744,744,686,398,88,717,680,437,137,0,615,412,138,13,0,7.143,7.298,32.729,10.637,2.28,0.559,0.774,0.423,51.404,48.596,7.962,3.322,4.64,41.725,58.275,30.093,15.086,15.007,50.132,49.868,1.94,0.954,0.986,49.184,50.816,6.081,white
경기도,고양시덕양구,2017,37.6374233,126.8323482,719,717,506,108,0,744,744,744,467,27,744,744,699,424,71,720,715,555,100,0,678,428,104,4,0,10.882,9.587,42.767,8.244,1.422,0.263,0.004,0.95,49.536,50.464,12.449,5.149,7.3,41.362,58.638,34.743,16.42,18.322,47.263,52.737,4.509,2.252,2.256,49.956,50.044,4.778,white
경상남도,창원시의창구,2017,35.2538433,128.6402609,719,719,506,153,8,744,744,744,585,127,744,744,743,573,142,720,713,565,147,1,700,566,186,25,0,5.608,21.258,36.725,6.446,0.467,5.252,0,0.576,50.951,49.049,9.875,4.219,5.656,42.721,57.279,34.407,16.676,17.732,48.466,51.534,4.514,2.257,2.256,50.009,49.991,21.8,red
전라북도,전주시덕진구,2017,35.8293872,127.1343073,719,701,517,178,11,744,744,744,600,106,743,743,703,476,111,720,699,467,140,2,669,449,140,19,0,10.169,25.099,22.073,12.791,0.542,0.238,0.101,0.146,49.889,50.111,12.599,5.429,7.169,43.094,56.906,32.847,15.546,17.3,47.33,52.67,2.651,1.064,1.588,40.115,59.885,4.778,white
충청북도,청주시흥덕구,2017,36.6370179,127.4696705,719,717,566,259,57,744,744,744,564,123,744,744,705,447,116,720,695,470,138,0,661,453,139,16,0,11.672,19.742,35.12,6.162,1.053,0.377,0.024,0.155,50.216,49.784,9.227,3.854,5.372,41.773,58.227,29.309,13.955,15.354,47.613,52.387,16.925,8.571,8.354,50.641,49.359,26.741,red
충청북도,청주시서원구,2017,36.6375895,127.4698136,719,717,566,259,57,744,744,744,564,123,744,744,705,447,116,720,695,470,138,0,661,453,139,16,0,9.163,13.108,49.288,8.518,0.56,0.147,0.004,0.291,49.597,50.403,10.981,4.505,6.476,41.026,58.974,32.001,14.928,17.073,46.648,53.352,19.541,9.896,9.645,50.641,49.359,26.741,red
충청북도,청주시청원구,2017,36.6515656,127.4866987,719,717,566,259,57,744,744,744,564,123,744,744,705,447,116,720,695,470,138,0,661,453,139,16,0,10.977,20.059,35.489,7.098,0.948,0.406,0.003,0.258,50.699,49.301,10.615,4.36,6.255,41.074,58.926,28.976,13.529,15.447,46.691,53.309,22.643,11.466,11.176,50.641,49.359,26.741,red
경기도,안산시상록구,2017,37.3012311,126.8450736,719,700,508,192,23,744,744,744,513,95,744,744,686,398,88,717,680,437,137,0,615,412,138,13,0,8.526,7.788,37.141,14.596,4.062,0.097,0,0.334,50.834,49.166,8.863,3.611,5.252,40.74,59.26,30.185,14.793,15.392,49.007,50.993,1.613,0.793,0.819,49.184,50.816,6.081,white
