시도,시군구,년,기온_6월10이상,기온_6월15이상,기온_6월20이상,기온_6월25이상,기온_6월30이상,기온_7월10이상,기온_7월15이상,기온_7월20이상,기온_7월25이상,기온_7월30이상,기온_8월10이상,기온_8월15이상,기온_8월20이상,기온_8월25이상,기온_8월30이상,기온_9월10이상,기온_9월15이상,기온_9월20이상,기온_9월25이상,기온_9월30이상,기온_10월10이상,기온_10월15이상,기온_10월20이상,기온_10월25이상,기온_10월30이상,전_P0,답_P0,임야_P0,대지_P0,공원_P0,과수원_P0,유원지_P0,묘지_P0,남자인구_P1,여자인구_P1,X65이상인구_P1,X65이상남자_P1,X65이상여자_P1,X65이상남자_P2,X65이상여자_P2,X50이상인구_P1,X50이상남자_P1,X50이상여자_P1,X50이상남자_P2,X50이상여자_P2,농가인구_P1,농가남자_P1,농가여자_P1,농가남자_P2,농가여자_P2
강원도,강릉시,2017,719,658,455,124,12,744,744,744,432,156,744,744,713,283,48,720,714,447,113,1,679,365,68,0,0,5.023121938,4.853435048,80.43654274,1.78356475,0.071224718,0.156684195,0.001697228,0.061218236,50.36459113,49.63540887,17.24108881,7.201961959,10.03912685,41.77208317,58.22791683,41.1604201,18.92550921,22.23491089,45.97987378,54.02012622,8.046278269,3.860266587,4.186011682,47.9758027,52.0241973
강원도,고성군,2017,719,644,354,57,0,744,744,738,343,118,744,744,691,240,15,718,708,436,63,0,657,326,47,0,0,2.696276776,5.791757253,83.00211352,0.901616666,0.004069133,0.027620671,0.005699751,0.056797235,53.36826082,46.63173918,23.767213,9.664058905,14.10315409,40.66130474,59.33869526,48.76986796,22.46451202,26.30535594,46.06227771,53.93772229,18.39003151,9.29590428,9.094127226,50.54860443,49.45139557
강원도,동해시,2017,716,675,408,47,0,744,744,738,347,66,744,744,711,283,17,720,712,463,55,0,679,407,59,0,0,5.415339981,2.515269226,74.78370425,3.729740384,0.117730697,0.083457502,0.069059519,0.112838014,50.7143501,49.2856499,16.52920498,7.010546241,9.518658734,42.41308793,57.58691207,41.10442582,19.2626645,21.84176131,46.86275047,53.13724953,6.939561925,3.461330449,3.477104741,49.87822698,50.10553661
강원도,삼척시,2017,716,675,408,47,0,744,744,738,347,66,744,744,711,283,17,720,712,463,55,0,679,407,59,0,0,4.75652119,1.277026607,88.0228305,0.677836444,0.013778914,0.031720026,0.001307163,0.043871911,51.72881653,48.27118347,20.49194678,8.2268324,12.26511438,40.14666097,59.85333903,44.89524977,20.72099673,24.17425303,46.15409612,53.84590388,14.43014706,6.716853408,7.711834734,46.54736629,53.44252351
강원도,속초시,2017,719,644,354,57,0,744,744,738,343,118,744,744,691,240,15,718,708,436,63,0,657,326,47,0,0,3.974133487,4.131824782,73.93981707,5.848662162,0.07374411,0.293333772,0.34909147,0.012243878,49.37403093,50.62596907,16.13295916,6.490344571,9.64261459,40.23034154,59.76965846,42.11227719,19.53638565,22.57589154,46.39118793,53.60881207,3.625110522,1.859326747,1.765783775,51.29020855,48.70979145
강원도,양구군,2017,708,584,352,130,28,744,744,726,278,42,744,720,600,193,40,707,539,234,51,0,503,243,57,2,0,7.279779729,3.839338615,80.12311333,0.582644327,0.010053287,0.030213832,0.000487278,0.054935848,53.85102438,46.14897562,17.80561711,7.159332459,10.64628465,40.20828042,59.79171958,40.51377143,19.40210755,21.11166388,47.89015405,52.10984595,22.90262765,12.09805074,10.80457691,52.82385466,47.17614534
강원도,양양군,2017,719,644,354,57,0,744,744,738,343,118,744,744,691,240,15,718,708,436,63,0,657,326,47,0,0,3.793150155,4.407248682,83.67017177,1.022484683,0.011703313,0.084319849,0.003513803,0.027400745,50.53708238,49.46291762,26.826475,11.41300055,15.41347445,42.54379508,57.45620492,55.44980649,25.66937841,29.78042809,46.29299907,53.70700093,29.33417582,14.11420899,15.21996683,48.11523963,51.88476037
강원도,영월군,2017,715,637,388,174,40,744,744,731,316,50,744,730,648,252,46,705,575,263,51,0,588,318,90,7,0,7.254880519,1.275238702,84.88680262,0.768362848,0.00582212,0.036965007,0.042233827,0.050565482,51.57177642,48.42822358,25.49041066,10.83691281,14.65349785,42.51368466,57.48631534,54.90410659,26.36863561,28.53547099,48.02670919,51.97329081,22.14166507,10.77398703,11.36767804,48.65933523,51.34066477
강원도,원주시,2017,719,683,466,201,26,744,744,744,397,53,744,740,656,312,52,716,644,310,60,0,607,358,103,3,0,7.034900336,6.762440956,71.23891689,2.834324166,0.195713637,0.303537102,0.068162332,0.112315559,49.78436585,50.21563415,12.45193561,5.128766105,7.323169507,41.18850486,58.81149514,34.96150353,16.49309042,18.46841312,47.17500321,52.82499679,6.133360506,3.019177803,3.114182703,49.22550696,50.77449304
강원도,인제군,2017,708,584,352,130,28,744,744,726,278,42,744,720,600,193,40,707,539,234,51,0,503,243,57,2,0,3.331697866,0.932689757,89.47142186,0.410297937,0.006429118,0.011047011,0.009710155,0.009247621,54.09597993,45.90402007,17.82955971,7.673773846,10.15578586,43.03961496,56.96038504,42.83120998,20.98158294,21.84962704,48.98666872,51.01333128,23.5494092,11.90177569,11.64763351,50.53959355,49.46040645
강원도,정선군,2017,708,594,335,144,41,744,744,730,277,50,744,722,617,197,39,705,561,223,46,0,562,266,53,1,0,8.131758464,0.638753489,85.47916744,0.586720239,0.00993743,0.008131244,0.015263797,0.034198143,51.96712176,48.03287824,23.14572304,9.754806353,13.39091669,42.14517876,57.85482124,51.79994427,24.9512399,26.84870437,48.16846861,51.83153139,19.06380607,9.810532182,9.253273892,51.46156095,48.53843905
강원도,철원군,2017,716,647,425,171,19,744,744,739,382,66,744,718,627,268,57,702,555,296,85,0,495,290,89,7,0,9.540552054,13.82340443,67.29973642,0.935630728,0.00799104,0.047768108,0.01687197,0.074520922,53.23960743,46.76039257,19.43090709,8.192781908,11.23812518,42.16366158,57.83633842,42.48433535,19.97664338,22.50769196,47.02119786,52.97880214,25.660835,13.03703371,12.62380129,50.80518117,49.19481883
강원도,춘천시,2017,719,681,502,248,67,744,744,744,511,97,744,736,659,320,68,706,620,315,78,0,571,341,89,11,0,5.962740188,3.034737195,75.28276969,1.782313814,0.066274362,0.171283939,0.080083366,0.132038894,49.13681948,50.86318052,14.68660458,6.06769341,8.618911175,41.31447384,58.68552616,37.19412607,17.20093123,19.99319484,46.24636481,53.75363519,5.182664756,2.665472779,2.517191977,51.43054596,48.56945404
강원도,태백시,2017,657,495,210,64,2,744,737,606,181,20,742,696,391,89,5,656,379,139,10,0,414,109,17,0,0,4.647542721,0.011091828,88.64960752,1.292227892,0.031756844,0,0.015030858,0.069189397,50.71442725,49.28557275,19.54822659,8.229673499,11.31855309,42.09933551,57.90066449,46.06459567,21.74324652,24.32134916,47.20164412,52.79835588,3.549019176,1.732678717,1.816340459,48.82133995,51.17866005
강원도,평창군,2017,715,637,388,174,40,744,744,731,316,50,744,730,648,252,46,705,575,263,51,0,588,318,90,7,0,8.35246776,1.09363288,83.4759053,0.8346393,0.002541836,0.003195996,0.012430393,0.029832527,51.41755159,48.58244841,23.29693448,9.972951312,13.32398317,42.80799828,57.19200172,52.93778802,25.49589261,27.44189541,48.16199082,51.83800918,26.65798437,13.01843318,13.63955119,48.83502443,51.16497557
강원도,홍천군,2017,717,646,460,241,76,744,744,744,405,100,744,728,645,306,85,706,586,293,96,0,541,307,87,10,0,5.796426098,3.175960621,84.02657616,0.818442627,0.012633511,0.025297712,0.012135573,0.026521735,50.91127975,49.08872025,21.87680961,9.42671665,12.45009296,43.08999721,56.91000279,50.19200878,24.19005821,26.00195057,48.19503901,51.80496099,27.04580781,13.56252476,13.48328305,50.14649538,49.85350462
강원도,화천군,2017,719,681,502,248,67,744,744,744,511,97,744,736,659,320,68,706,620,315,78,0,571,341,89,11,0,4.634931917,1.858225265,84.42384492,0.521663293,0.00118255,0.045098177,0.006894671,0.028219985,55.73683567,44.26316433,18.7053881,7.700779051,11.00460905,41.16877453,58.83122547,40.46172044,19.49259697,20.96912347,48.17540323,51.82459677,21.38924012,10.7558021,10.62935922,50.28604119,49.6948894
강원도,횡성군,2017,719,683,466,201,26,744,744,744,397,53,744,740,656,312,52,716,644,310,60,0,607,358,103,3,0,8.659726139,4.827701716,76.5928825,1.05639188,0.025007958,0.028962337,0.033919053,0.085687297,50.3576096,49.6423904,25.48651539,11.11559938,14.370916,43.61364908,56.38635092,54.93406202,26.23737674,28.69668528,47.76158138,52.23841862,33.09730308,16.92289414,16.17203279,51.13073444,48.86208629
경기도,가평군,2017,719,681,502,248,67,744,744,744,511,97,744,736,659,320,68,706,620,315,78,0,571,341,89,11,0,5.135001389,3.123547224,82.09616135,1.70387535,0.010704511,0.160373462,0.043145858,0.090275342,50.8457078,49.1542922,21.83526335,9.498081456,12.33718189,43.49881797,56.50118203,49.50358759,23.87081233,25.63277526,48.22036844,51.77963156,16.69218989,8.491491302,8.202419258,50.87104422,49.13926399
경기도,고양시 덕양구,2017,719,717,506,108,0,744,744,744,467,27,744,744,699,424,71,720,715,555,100,0,678,428,104,4,0,10.88158775,9.586939534,42.76744246,8.243859751,1.422193638,0.263318108,0.004476028,0.950076072,49.53563075,50.46436925,12.4491082,5.149247214,7.299860984,41.36237819,58.63762181,34.74284447,16.42037985,18.32246461,47.26262372,52.73737628,4.508689074,2.252338368,2.256350707,49.95550437,50.04449563
경기도,고양시 일산동구,2017,719,717,506,108,0,744,744,744,467,27,744,744,699,424,71,720,715,555,100,0,678,428,104,4,0,11.73797618,11.8780166,21.76943172,17.15790292,5.114580043,0.18525996,0.14713362,0.441998924,48.62069465,51.37930535,10.63398759,4.323103908,6.310883683,40.65364823,59.34635177,32.87972573,15.60506784,17.27465789,47.46106451,52.53893549,6.922982141,3.458410646,3.464571495,49.95550437,50.04449563
경기도,고양시 일산서구,2017,719,717,506,108,0,744,744,744,467,27,744,744,699,424,71,720,715,555,100,0,678,428,104,4,0,8.404174478,22.53050743,3.99549876,19.51700285,3.211052493,0.2642431,0,0.053095335,48.54339767,51.45660233,10.59398557,4.292585694,6.301399879,40.51908193,59.48091807,31.8879814,15.17955279,16.70842861,47.60273973,52.39726027,6.751297919,3.372644927,3.378652992,49.95550437,50.04449563
경기도,과천시,2017,719,700,508,192,23,744,744,744,513,95,744,744,686,398,88,717,680,437,137,0,615,412,138,13,0,7.512300702,5.876981184,63.41627843,8.529472013,0.692792564,0.125835201,2.195364226,0.10548254,48.79996033,51.20003967,12.22354458,4.981982875,7.241561705,40.75726842,59.24273158,35.91193097,16.60881351,19.30311746,46.24873424,53.75126576,1.783530034,0.890938543,0.894244438,49.9536608,50.13901761
경기도,광명시,2017,719,717,506,108,0,744,744,744,467,27,744,744,699,424,71,720,715,555,100,0,678,428,104,4,0,13.39086713,6.573432821,36.60211768,18.76047432,1.346553636,0.004021509,0,0.254425224,49.52165125,50.47834875,10.82409506,4.580449562,6.243645495,42.31715943,57.68284057,32.5408832,15.19813805,17.34274515,46.70474972,53.29525028,0.578489618,0.282966865,0.295522754,48.91476972,51.08523028
경기도,광주시,2017,718,685,502,260,57,744,744,744,458,87,744,738,662,336,83,710,639,344,105,0,582,369,128,17,0,6.362137797,6.103220008,66.30635318,4.235664197,0.066256216,0.12760617,0.007813243,0.538744408,51.08555254,48.91444746,10.9911991,4.984138862,6.00706024,45.3466343,54.6533657,33.1050414,16.21057084,16.89447056,48.96707617,51.03292383,3.734769241,1.817117015,1.917652226,48.65406394,51.34593606
경기도,구리시,2017,718,685,502,260,57,744,744,744,458,87,744,738,662,336,83,710,639,344,105,0,582,369,128,17,0,13.54987599,3.574283841,36.54456755,12.33111879,0.945536568,0.790414123,0,0.732061508,49.55540431,50.44459569,10.77678003,4.656179331,6.120600698,43.20566364,56.79433636,33.82055898,16.27000681,17.55055218,48.10685363,51.89314637,0.951764112,0.469844337,0.481919775,49.3656286,50.6343714
경기도,군포시,2017,719,700,508,192,23,744,744,744,513,95,744,744,686,398,88,717,680,437,137,0,615,412,138,13,0,7.955367956,4.61723549,42.71350365,15.14024675,3.006813421,0.045125155,0,0.045089453,49.58783627,50.41216373,10.26814247,4.341336936,5.926805531,42.27967181,57.72032819,32.03147696,15.17597757,16.85549939,47.37832598,52.62167402,0.430320725,0.218610191,0.211710534,50.80168776,49.19831224
경기도,김포시,2017,719,717,506,108,0,744,744,744,467,27,744,744,699,424,71,720,715,555,100,0,678,428,104,4,0,9.239197591,23.32598303,24.26264059,7.336988582,1.646288233,0.593628891,0.050001272,0.429169205,50.07505586,49.92494414,11.34390709,4.984232452,6.359674642,43.93752885,56.06247115,31.42978496,15.119973,16.30981195,48.10714749,51.89285251,4.28342022,2.088763731,2.194656489,48.76392285,51.23607715
경기도,남양주시,2017,718,685,502,260,57,744,744,744,458,87,744,738,662,336,83,710,639,344,105,0,582,369,128,17,0,6.798712024,6.3469282,65.62734368,5.045472193,0.438670348,0.401855509,0.031030995,0.587012336,49.86729276,50.13270724,11.86075923,5.160346034,6.7004132,43.50772098,56.49227902,32.85502938,15.74250532,17.11252406,47.91505476,52.08494524,2.502569673,1.250811164,1.2519164,49.98107256,50.02523659
경기도,동두천시,2017,716,678,458,217,37,742,742,742,434,83,744,737,660,330,81,714,625,356,127,0,555,335,115,11,0,7.169800277,2.703029529,66.78419277,5.328794687,0.350548079,0.065390995,0.049618639,0.347257311,49.77925178,50.22074822,16.9553645,6.903398889,10.05196561,40.71513113,59.28486887,39.26889034,18.2872473,20.98164304,46.56929987,53.43070013,2.204313568,1.135427449,1.068886119,51.50934356,48.49065644
경기도,부천시,2017,719,717,506,108,0,744,744,744,467,27,744,744,699,424,71,720,715,555,100,0,678,428,104,4,0,5.890754986,6.93720066,15.52410213,32.46337172,4.019790306,0.073798846,0.620079847,0.112130534,49.7266252,50.2733748,10.43304179,4.437472916,5.995568875,42.5328778,57.4671222,34.47268999,16.33974402,18.13294597,47.39909774,52.60090226,0.339719606,0.165526333,0.174193273,48.72439813,51.27560187
경기도,성남시,2017,719,700,508,192,23,744,744,744,513,95,744,744,686,398,88,717,680,437,137,0,615,412,138,13,0,4.089515166,3.622276745,45.13239744,15.99590732,5.098174929,0.076965621,0.251481831,0.535078329,49.49565364,50.50434636,11.51797374,4.967720109,6.550253628,43.13015659,56.86984341,33.59123487,15.93167782,17.65955705,47.42808023,52.57191977,0.298341184,0.151594816,0.146638625,50.81256771,49.15131817
경기도,수원시,2017,719,700,508,192,23,744,744,744,513,95,744,744,686,398,88,717,680,437,137,0,615,412,138,13,0,6.481984021,9.116509471,21.44102724,26.42610799,4.83449755,0.050857412,0.007870033,0.120584067,50.42243411,49.57756589,8.762237076,3.704130869,5.058106208,42.27380333,57.72619667,28.62326762,13.74107234,14.88219528,48.00665151,51.99334849,0.811472856,0.400400056,0.4110728,49.34238439,50.65761561
경기도,시흥시,2017,719,700,508,192,23,744,744,744,513,95,744,744,686,398,88,717,680,437,137,0,615,412,138,13,0,14.70623817,11.28276695,27.93043988,9.406819751,2.242939334,0.213675415,0.001820382,0.235628984,52.4044816,47.5955184,8.074621666,3.323548397,4.751073269,41.16042255,58.83957745,28.78052029,14.62310065,14.15741965,50.80902116,49.19097884,1.265381817,0.631922458,0.633715509,49.93927126,50.08097166
경기도,안산시 단원구,2017,719,700,508,192,23,744,744,744,513,95,744,744,686,398,88,717,680,437,137,0,615,412,138,13,0,7.142573974,7.297671609,32.72926839,10.63745757,2.280433546,0.558984233,0.774053457,0.422879531,51.40438718,48.59561282,7.962162603,3.322188698,4.639973905,41.72470299,58.27529701,30.09279948,15.08603115,15.00676833,50.13169732,49.86830268,1.939818968,0.954089538,0.98572943,49.18446275,50.81553725
경기도,안산시 상록구,2017,719,700,508,192,23,744,744,744,513,95,744,744,686,398,88,717,680,437,137,0,615,412,138,13,0,8.526119862,7.787882641,37.14131865,14.59552612,4.06179592,0.097152108,0,0.334072554,50.83350958,49.16649042,8.863292498,3.610880635,5.252411863,40.739721,59.260279,30.18503153,14.79276143,15.39227011,49.00694376,50.99305624,1.61251837,0.793108497,0.819409873,49.18446275,50.81553725
경기도,안성시,2017,717,657,440,191,23,743,743,740,381,64,744,741,668,309,59,704,609,323,88,0,540,345,93,9,0,9.088319628,20.24642629,47.75677695,3.645456077,0.179171578,0.441544221,0.047688197,0.408403757,50.87590206,49.12409794,14.48481479,5.995595962,8.489218828,41.39228598,58.60771402,35.56260492,16.8994048,18.66320012,47.52015449,52.47984551,11.5834914,5.850066497,5.733424902,50.50348203,49.49651797
경기도,안양시,2017,719,700,508,192,23,744,744,744,513,95,744,744,686,398,88,717,680,437,137,0,615,412,138,13,0,1.766231546,0.884949952,50.36917736,20.36749363,1.826475542,0.041594681,0.000239486,0.04480817,49.60745718,50.39254282,10.51909968,4.509308374,6.009791302,42.86781676,57.13218324,33.94067582,16.13084644,17.80982938,47.52659178,52.47340822,0.310890422,0.166623293,0.144267128,53.59550562,46.40449438
경기도,양주시,2017,716,678,458,217,37,742,742,742,434,83,744,737,660,330,81,714,625,356,127,0,555,335,115,11,0,9.537334792,9.890194751,57.22266411,4.938442764,0.317394692,0.123527405,0.033877242,0.30652306,50.32284877,49.67715123,13.42838028,5.832564646,7.595815637,43.4346103,56.5653897,35.39730165,17.1190942,18.27820745,48.36270958,51.63729042,5.624765593,2.82505347,2.799205295,50.22526581,49.76572355
경기도,양평군,2017,718,685,502,260,57,744,744,744,458,87,744,738,662,336,83,710,639,344,105,0,582,369,128,17,0,6.432860628,7.682512499,72.82472289,2.57516765,0.001196274,0.083251662,0.018538093,0.22242116,50.31961973,49.68038027,21.52973958,9.578950413,11.95078917,44.49171518,55.50828482,48.45010943,23.07914807,25.37096137,47.63487294,52.36512706,16.96443206,8.77194674,8.191521159,51.70787155,48.28644501
경기도,연천군,2017,716,647,425,171,19,744,744,739,382,66,744,718,627,268,57,702,555,296,85,0,495,290,89,7,0,11.45105181,8.013388509,60.69233803,1.286125528,0.063954355,0.011070473,0.024404441,0.250860252,52.28414643,47.71585357,22.55898493,9.560304707,12.99868022,42.379144,57.620856,47.67417629,22.70022459,24.9739517,47.61534726,52.38465274,17.75452083,8.909676075,8.844844752,50.18257694,49.81742306
경기도,오산시,2017,719,700,508,192,23,744,744,744,513,95,744,744,686,398,88,717,680,437,137,0,615,412,138,13,0,8.925460259,14.04271712,25.69417088,17.48079143,3.050081575,0.5033546,0.713179163,0.276411808,51.27855888,48.72144112,7.752880297,3.285002929,4.467877368,42.37138719,57.62861281,24.44639719,11.8731693,12.57322789,48.56817637,51.43182363,1.86877563,0.921694981,0.947080648,49.32079415,50.67920585
경기도,용인시 기흥구,2017,719,700,508,192,23,744,744,744,513,95,744,744,686,398,88,717,680,437,137,0,615,412,138,13,0,3.42299934,4.326650031,38.7738831,19.20478835,4.239965909,0.007216943,0.375692407,0.07073584,49.51154431,50.48845569,10.5890788,4.650492398,5.938586398,43.91781842,56.08218158,27.40723038,12.96323216,14.44399822,47.29858502,52.70141498,5.126505712,2.578651838,2.547853875,50.30037968,49.69962032
경기도,용인시 수지구,2017,719,700,508,192,23,744,744,744,513,95,744,744,686,398,88,717,680,437,137,0,615,412,138,13,0,3.356081753,2.618950618,51.70512513,23.26163256,3.470479247,0.048973707,0,0.079388956,48.94007713,51.05992287,11.5762483,5.181375317,6.394872987,44.75867467,55.24132533,29.15837383,13.91988741,15.23848642,47.73890166,52.26109834,6.284033355,3.160892637,3.123140718,50.30037968,49.69962032
경기도,용인시 처인구,2017,719,700,508,192,23,744,744,744,513,95,744,744,686,398,88,717,680,437,137,0,615,412,138,13,0,8.021015943,13.90152522,56.04370401,4.409542922,0.047093436,0.051871878,0.367312041,0.464441493,51.44347095,48.55652905,11.94178709,5.113755797,6.828031289,42.8223662,57.1776338,32.67857223,15.77643307,16.90213915,48.27760822,51.72239178,9.305747497,4.680826323,4.624921174,50.30037968,49.69962032
경기도,의왕시,2017,719,700,508,192,23,744,744,744,513,95,744,744,686,398,88,717,680,437,137,0,615,412,138,13,0,9.632063523,4.105687613,56.93921868,7.797629858,0.859050285,0.083520151,0,0.321572587,49.79664899,50.20335101,10.91053872,4.684312358,6.226226358,42.93383196,57.06616804,34.59797044,16.53197678,18.06599366,47.78308257,52.21691743,1.30368401,0.59952354,0.70416047,45.98687532,54.01312468
경기도,의정부시,2017,716,678,458,217,37,742,742,742,434,83,744,737,660,330,81,714,625,356,127,0,555,335,115,11,0,5.653330488,4.097460999,57.78802555,12.7923956,1.419934847,0.288326404,0.013523559,0.100834955,49.37690252,50.62309748,12.83804706,5.451388393,7.386658664,42.46275441,57.53724559,35.66804339,16.82958665,18.83845674,47.18393568,52.81606432,0.81102711,0.400154345,0.410872765,49.33920705,50.66079295
경기도,이천시,2017,718,676,457,229,48,743,743,743,376,71,744,730,656,292,68,705,618,312,96,0,569,346,125,17,0,15.16976572,22.77256883,36.7380885,4.257053422,0.109107453,0.436951357,0.02606124,0.316803365,50.71917709,49.28082291,11.94172971,5.074920334,6.866809372,42.49736394,57.50263606,32.48065244,15.76281201,16.71784043,48.5298503,51.4701497,10.26122836,5.194541034,5.06668733,50.62299415,49.37700585
경기도,파주시,2017,716,653,389,165,8,744,744,743,345,57,744,722,627,284,67,704,581,286,100,0,477,273,80,8,0,10.8363817,16.6445396,45.38718207,4.557301916,0.747468806,0.088463571,0.138325586,1.008337334,50.58466784,49.41533216,12.22017902,5.14156975,7.078609267,42.0744225,57.9255775,31.5077635,14.99019668,16.51756683,47.5762003,52.4237997,4.968154418,2.534737868,2.43341655,51.01970781,48.98029219
경기도,평택시,2017,717,657,440,191,23,743,743,740,381,64,744,741,668,309,59,704,609,323,88,0,540,345,93,9,0,8.835473657,34.5692807,17.65803513,6.738870675,0.897482326,0.496948529,0.061698783,0.168832666,51.21308547,48.78691453,11.15324066,4.680846313,6.47239435,41.9684866,58.0315134,31.22134762,15.08892983,16.1324178,48.32888705,51.67111295,5.223468989,2.633618043,2.589850946,50.41894665,49.58105335
경기도,포천시,2017,716,678,458,217,37,742,742,742,434,83,744,737,660,330,81,714,625,356,127,0,555,335,115,11,0,9.448322102,7.217814756,67.56254991,2.32921625,0.028921084,0.052214473,0.082395129,0.230490347,51.73527259,48.26472741,15.9701176,6.817948595,9.152169005,42.69191227,57.30808773,41.67664343,20.71244347,20.96419995,49.69796454,50.30203546,10.11677943,5.043339057,5.073440375,49.85123073,50.14876927
경기도,하남시,2017,718,685,502,260,57,744,744,744,458,87,744,738,662,336,83,710,639,344,105,0,582,369,128,17,0,7.557906662,7.228814145,52.75006118,5.429778486,0.359646277,0.293022039,0.000231113,0.196892756,50.19189633,49.80810367,11.41174582,5.179906046,6.23183977,45.3910044,54.6089956,34.28236988,16.40622977,17.87614011,47.85617163,52.14382837,2.176896821,1.131696301,1.04520052,51.98667618,48.01332382
경기도,화성시,2017,719,700,508,192,23,744,744,744,513,95,744,744,686,398,88,717,680,437,137,0,615,412,138,13,0,11.33754708,22.0753235,33.89699302,5.97792414,0.848959705,0.267294948,0.016676169,0.199723353,51.35216381,48.64783619,8.26083618,3.532959861,4.727876319,42.76758168,57.23241832,24.52813543,12.06810076,12.46003467,49.20105239,50.79894761,5.160817065,2.650577608,2.510239457,51.35965051,48.64034949
경상남도,거제시,2017,719,716,498,127,5,744,744,744,614,103,744,744,742,610,120,720,712,566,148,0,694,597,208,28,0,5.970215066,9.960429619,70.03469679,3.775116198,0.09838549,0.332430132,0.048637935,0.304919872,53.47155467,46.52844533,8.030425713,3.350099119,4.680326594,41.71757811,58.28242189,26.7413615,13.30347136,13.43789014,49.74866876,50.25133124,4.834688822,2.340562166,2.494126657,48.41184721,51.58815279
경상남도,거창군,2017,716,658,420,201,32,744,744,732,396,99,744,731,678,324,86,702,562,267,88,0,567,353,81,16,0,5.101880965,9.776496682,75.74985075,1.234059971,0.04471094,0.725595305,0.019395638,0.188640351,49.0787437,50.9212563,24.83314193,9.498843228,15.3342987,38.25067024,61.74932976,49.11203209,21.63579168,27.47624041,44.0539533,55.9460467,26.17299978,12.51310731,13.65989248,47.80922099,52.19077901
경상남도,고성군,2017,719,719,474,38,0,744,744,744,436,15,744,744,744,589,108,720,712,592,143,0,708,600,200,19,0,5.830951039,15.4803423,65.36887598,2.104585755,0.077528112,0.372986937,0.055018045,0.409213985,50.24419905,49.75580095,27.12668929,10.66237766,16.46431163,39.30585683,60.69414317,52.64696075,23.61571504,29.03124571,44.856749,55.143251,24.23749093,11.47833592,12.75915501,47.35777292,52.64222708
경상남도,김해시,2017,719,716,507,175,9,736,736,736,527,114,744,744,726,501,107,720,702,486,120,0,686,503,148,12,0,3.962072244,16.05976151,50.64452534,5.261758406,0.462869818,0.920008368,0.22227547,0.580730661,50.39031509,49.60968491,9.226323986,3.709413597,5.516910389,40.20467526,59.79532474,29.72036397,14.36398719,15.35637678,48.33045519,51.66954481,4.13959274,2.089385584,2.050207156,50.47321598,49.52678402
경상남도,남해군,2017,719,718,513,183,13,744,744,744,564,144,744,744,735,527,146,720,710,517,129,0,700,547,158,26,0,8.655838483,13.00890191,66.80568763,2.825017836,0.004196414,0.127285739,0.017458818,0.760838023,47.81434242,52.18565758,35.12789796,13.35118502,21.77671294,38.0073554,61.9926446,61.31820637,26.38526766,34.93293872,43.03007087,56.96992913,33.49775679,15.35480234,18.14530336,45.83830026,54.16871187
경상남도,밀양시,2017,719,709,520,260,69,744,744,739,611,199,744,744,711,502,187,714,664,429,175,3,668,491,174,28,0,5.933435794,14.47211711,64.70094166,2.258588105,0.059393581,0.558916609,0.010400584,0.538269177,48.80042652,51.19957348,24.05465711,9.433682839,14.62097427,39.21769824,60.78230176,52.12566396,23.25494145,28.87072251,44.61322827,55.38677173,20.40558419,9.483048003,10.92253618,46.47280821,53.52719179
경상남도,사천시,2017,719,675,457,187,19,744,744,740,543,134,744,742,712,461,140,715,640,410,137,0,651,459,146,22,0,6.256323742,15.11497951,57.86067202,3.169350845,0.186482405,0.759627573,0.032533451,0.429816169,50.24737452,49.75262548,19.20049291,7.41479833,11.78569458,38.61774989,61.38225011,42.09597028,18.8721929,23.22377738,44.83135267,55.16864733,13.63778485,6.548527708,7.089257141,48.01753203,51.98246797
경상남도,산청군,2017,719,696,442,206,31,744,744,741,467,116,741,734,689,381,111,713,613,322,108,0,605,370,108,21,0,3.312585606,8.702624778,77.61118004,1.283084997,0.024828957,0.373383103,0.106090894,0.167083064,48.16997612,51.83002388,33.69299121,12.87816967,20.81482153,38.22210262,61.77789738,61.2294859,27.05292109,34.17656481,44.18283232,55.81716768,36.31940037,16.83138393,19.48499411,46.3426812,53.64899725
경상남도,양산시,2017,719,709,518,226,30,744,744,744,637,164,744,744,726,583,173,720,697,553,170,9,689,594,215,33,2,2.502014037,6.209874472,74.24102201,3.400605179,0.352234425,0.20415311,0.083510488,0.406524768,50.02438494,49.97561506,11.29484028,4.740893543,6.553946735,41.97397596,58.02602404,32.80103867,15.64227953,17.15875914,47.68836649,52.31163351,2.123796406,1.025156031,1.098969901,48.26997673,51.74553918
경상남도,의령군,2017,717,683,464,241,45,743,743,735,561,155,744,739,687,437,146,713,630,353,132,0,644,446,135,23,0,7.176256961,11.41017586,68.51605805,1.592975951,0.010620167,0.134914183,0.022976965,0.501528011,47.7419858,52.2580142,35.04406833,12.80711333,22.236955,36.54573781,63.45426219,61.2315732,26.36299821,34.86857499,43.05458251,56.94541749,34.61508463,16.14928633,18.4657983,46.65389815,53.34610185
경상남도,진주시,2017,719,675,457,187,19,744,744,740,543,134,744,742,712,461,140,715,640,410,137,0,651,459,146,22,0,6.828886988,12.38387536,58.37791115,3.410544817,0.255421958,1.574651921,0.007315236,0.408506963,49.84022067,50.15977933,13.97055228,5.622621647,8.347930635,40.24623747,59.75376253,35.88059839,16.41311945,19.46747894,45.74371718,54.25628282,9.703538156,4.679477776,5.02406038,48.22444866,51.77555134
경상남도,창녕군,2017,719,709,520,260,69,744,744,739,611,199,744,744,711,502,187,714,664,429,175,3,668,491,174,28,0,10.01769288,17.01726598,53.34179189,2.503509135,0.045176151,0.7479404,0.017253026,0.842948452,49.53250523,50.46749477,27.54506177,10.53804091,17.00702086,38.25745971,61.74254029,54.67325997,24.16289745,30.51036252,44.19509184,55.80490816,26.13582664,12.28144198,13.85607237,46.99083043,53.01562702
경상남도,창원시 마산합포구,2017,719,719,506,153,8,744,744,744,585,127,744,744,743,573,142,720,713,565,147,1,700,566,186,25,0,4.036529864,10.51438242,70.54178036,4.037131814,0.193731389,0.631096022,0.05699871,0.45321612,49.81322026,50.18677974,16.92298099,7.06135105,9.861629944,41.72640182,58.27359818,42.54043115,19.40638622,23.13404493,45.61868721,54.38131279,3.804751404,1.85872763,1.946023774,48.85280095,51.14719905
경상남도,창원시 마산회원구,2017,719,719,506,153,8,744,744,744,585,127,744,744,743,573,142,720,713,565,147,1,700,566,186,25,0,2.277605835,5.954951918,69.94508769,7.059792608,0.282718622,0.77597824,0.000543141,0.287034388,50.24459815,49.75540185,12.85052984,5.589493718,7.261036123,43.49621212,56.50378788,37.83702218,17.86272324,19.97429894,47.20964339,52.79035661,2.104274261,1.068930437,1.035343825,50.7980569,49.2019431
경상남도,창원시 성산구,2017,719,719,506,153,8,744,744,744,585,127,744,744,743,573,142,720,713,565,147,1,700,566,186,25,0,1.159142393,2.526953524,54.32752738,7.946470938,1.269590627,0.747761772,0,0.32893265,51.71956557,48.28043443,5.895083218,2.491873362,3.403209856,42.27036786,57.72963214,29.13615944,14.70821711,14.42794233,50.48097412,49.51902588,1.005796189,0.504671985,0.501124203,50.17636684,49.82363316
경상남도,창원시 의창구,2017,719,719,506,153,8,744,744,744,585,127,744,744,743,573,142,720,713,565,147,1,700,566,186,25,0,5.6084565,21.25773404,36.72477781,6.446416102,0.466617061,5.251856595,0,0.576484134,50.95132869,49.04867131,9.875214272,4.218829971,5.656384301,42.72140183,57.27859817,34.4074709,16.67587395,17.73159695,48.46585207,51.53414793,4.513733742,2.257273074,2.256460667,50.00899928,49.99100072
경상남도,창원시 진해구,2017,719,719,506,153,8,744,744,744,585,127,744,744,743,573,142,720,713,565,147,1,700,566,186,25,0,3.176666411,5.180840229,58.29643173,9.35928511,0.942297678,0.34509218,0.041360492,0.34711896,51.03571686,48.96428314,11.76545542,4.937314061,6.828141361,41.96449593,58.03550407,32.04212672,15.05515144,16.98697529,46.98549372,53.01450628,1.946782048,0.976161061,0.970620987,50.14228799,49.85771201
경상남도,통영시,2017,719,719,474,38,0,744,744,744,436,15,744,744,744,589,108,720,712,592,143,0,708,600,200,19,0,13.27709598,6.685657444,64.76081046,3.945037936,0.215387276,0.481148154,0.018411624,0.728213983,50.6126188,49.3873812,15.41051185,6.394900569,9.015611283,41.49700302,58.50299698,39.46104813,18.32970724,21.13134089,46.45012768,53.54987232,6.031527921,2.863468071,3.16805985,47.47500316,52.52499684
경상남도,하동군,2017,718,718,545,190,15,704,704,704,524,111,744,744,736,513,133,720,709,543,134,0,699,577,160,21,0,4.207005332,12.23039772,72.26635007,1.617882327,0.003483488,0.19349416,0.015790264,0.285921393,49.0158525,50.9841475,31.36811501,11.9966772,19.3714378,38.24481389,61.75518611,58.44197799,25.85781203,32.58416596,44.24527184,55.75472816,33.06412534,15.93326719,17.13085816,48.18898737,51.81101263
경상남도,함안군,2017,717,683,464,241,45,743,743,735,561,155,744,739,687,437,146,713,630,353,132,0,644,446,135,23,0,9.322958842,18.27853786,50.42925556,2.528493963,0.115876803,0.802639527,0.010658711,0.875695047,50.2183474,49.7816526,20.78884796,8.099833714,12.68901425,38.96239815,61.03760185,45.30125725,20.87587611,24.42538114,46.08233276,53.91766724,18.34428956,8.02834631,10.31594325,43.76482548,56.23517452
경상남도,함양군,2017,714,655,432,226,46,744,744,739,423,138,744,730,675,347,123,702,569,294,116,0,547,357,101,23,0,4.701595076,9.000169372,77.33378427,1.217709417,0.033554448,0.551334324,0.021601979,0.160735078,47.71601981,52.28398019,31.4300165,11.64616941,19.7838471,37.05428983,62.94571017,57.3124634,24.74311878,32.56934462,43.1723177,56.8276823,37.34760155,17.56109248,19.78650908,47.02066999,52.97933001
경상남도,합천군,2017,716,680,470,262,70,744,744,738,514,157,744,738,689,399,152,711,620,367,152,2,627,420,135,24,0,4.579720617,10.60016749,72.16540173,1.229757362,0.005871603,0.050145781,0.050989869,0.206876318,47.36586269,52.63413731,36.91958706,13.63131337,23.28827369,36.92163009,63.07836991,63.56650155,27.20012962,36.36637193,42.79003714,57.20996286,33.5748345,15.3673441,18.20517569,45.77042399,54.22268183
경상북도,경산시,2017,719,709,537,267,70,744,744,741,592,196,744,744,724,450,128,718,699,461,154,0,675,460,123,20,0,7.066653565,13.57053438,55.55267216,3.927262859,0.254841271,1.963932752,0.00307438,0.553517476,50.11649494,49.88350506,13.39913757,5.51631299,7.882824577,41.16916453,58.83083547,34.38819814,15.94760316,18.44059497,46.37522181,53.62477819,6.912773023,3.479685501,3.433087523,50.33704259,49.66295741
경상북도,경주시,2017,719,668,454,212,51,744,744,734,540,188,724,723,684,363,86,713,642,385,124,4,650,452,104,21,0,5.393456907,12.16628954,67.1577565,2.360087926,0.082881676,0.302398261,0.105805555,0.483280506,50.09032937,49.90967063,18.85231845,7.566530674,11.28578778,40.13580978,59.86419022,43.6248998,20.03318059,23.59171921,45.92143634,54.07856366,14.87822484,7.097535783,7.780689056,47.7041842,52.2958158
경상북도,고령군,2017,716,680,470,262,70,744,744,738,514,157,744,738,689,399,152,711,620,367,152,2,627,420,135,24,0,5.017517645,13.41952485,63.89826449,1.643315388,0.038769206,0.137701054,0.037624986,0.45842102,50.36021901,49.63978099,27.14290288,10.99228331,16.15061958,40.49781762,59.50218238,54.63161602,25.50350613,29.12810989,46.68268667,53.31731333,24.24834299,11.50459479,12.7437482,47.44486993,52.55513007
경상북도,구미시,2017,719,706,548,276,75,744,744,736,520,137,744,744,699,385,101,714,666,372,130,0,652,398,109,19,0,6.016844981,14.88730001,55.56067955,3.613058005,0.268356655,0.52284225,0.001135772,0.230399727,51.43042146,48.56957854,7.46876181,3.002380626,4.466381184,40.19917494,59.80082506,26.02969885,12.71672961,13.31296923,48.85469358,51.14530642,5.229192393,2.511812862,2.717620241,48.03443196,51.97017124
경상북도,군위군,2017,714,620,435,248,88,744,744,731,413,134,744,730,672,338,99,698,554,306,127,0,567,351,100,19,0,5.845564458,6.885861847,75.30066362,1.099429466,0.023291782,1.674817622,0.000323961,0.263851204,49.8222139,50.1777861,37.68597361,15.68728362,21.99869,41.62631906,58.37368094,67.10957238,31.11256667,35.99700571,46.36084774,53.63915226,38.27079629,18.07803874,20.19275756,47.23716381,52.76283619
경상북도,김천시,2017,719,706,548,276,75,744,744,736,520,137,744,744,699,385,101,714,666,372,130,0,652,398,109,19,0,6.622833462,11.43869037,68.99419094,1.903629401,0.120488152,1.291170675,0.002094439,0.263309271,49.80672777,50.19327223,20.10468003,8.029351173,12.07532885,39.93772178,60.06227822,44.01584032,20.07992953,23.93591078,45.61978004,54.38021996,22.73623982,11.09986824,11.63637158,48.82015817,51.17984183
경상북도,문경시,2017,718,655,454,227,50,744,744,737,344,82,729,725,661,277,58,707,594,300,94,0,590,335,83,11,0,6.215044195,7.291849437,77.14411525,1.542865862,0.038760922,0.607838795,0.002616142,0.192538883,48.98741028,51.01258972,26.50677908,10.58020964,15.92656944,39.91510853,60.08489147,52.98507463,23.65272872,29.3323459,44.64036125,55.35963875,24.08140595,11.91323915,12.1681668,49.47069608,50.52930392
경상북도,봉화군,2017,684,564,321,154,25,744,738,680,268,56,742,713,604,206,34,676,472,242,56,0,517,252,48,6,0,7.377986939,3.644850877,82.46990532,0.700612208,0.007209819,0.597696217,0.002753147,0.113486969,49.37580854,50.62419146,33.47347995,13.61901682,19.85446313,40.68599034,59.31400966,62.52263907,28.62871928,33.89391979,45.78936478,54.21063522,40.53040103,19.0232859,21.50711514,46.93584424,53.06415576
경상북도,상주시,2017,719,695,531,274,85,744,744,739,479,123,744,744,693,360,96,712,644,349,115,0,608,368,105,18,0,6.835515828,14.32682963,66.18323443,1.726746098,0.027504778,0.697435665,0.005486134,0.399610848,49.2970918,50.7029082,27.29194832,10.71693587,16.57501245,39.26775671,60.73224329,53.50640902,23.79926202,29.707147,44.47927353,55.52072647,30.58845055,15.20172398,15.38672657,49.69759404,50.30240596
경상북도,성주군,2017,719,706,548,276,75,744,744,736,520,137,744,744,699,385,101,714,666,372,130,0,652,398,109,19,0,5.977400135,14.27194445,67.1258322,1.651445508,0.018374527,0.3423153,0.001974749,0.533601849,50.46769246,49.53230754,29.08311998,12.13465487,16.94846511,41.72404776,58.27595224,58.81264417,27.59005298,31.22259119,46.91177104,53.08822896,36.10737915,17.22730614,18.88007301,47.71131705,52.28868295
경상북도,안동시,2017,719,665,468,224,71,744,744,737,424,116,744,737,691,355,85,710,649,331,107,0,625,362,93,16,0,8.331602593,6.042701182,70.08257186,1.412302799,0.0752581,0.879346081,0.008517685,0.231234583,49.40595847,50.59404153,20.16852242,8.408065002,11.76045742,41.68904805,58.31095195,43.62323202,20.0018056,23.62142642,45.85126932,54.14873068,18.83779717,9.145350587,9.692446584,48.54787693,51.45212307
경상북도,영덕군,2017,717,642,406,147,22,739,739,717,458,117,744,744,696,292,54,720,673,398,101,1,670,435,72,13,0,4.44433173,6.011516948,81.11202764,1.033966942,0.002080134,0.469701744,0.003447042,0.241111189,47.48640924,52.51359076,34.61301351,13.14240879,21.47060472,37.96955959,62.03044041,62.03553214,26.56223729,35.47329485,42.81777938,57.18222062,27.44773861,13.40021297,14.04752564,48.82082695,51.17917305
경상북도,영양군,2017,717,642,406,147,22,739,739,717,458,117,744,744,696,292,54,720,673,398,101,1,670,435,72,13,0,6.634779583,2.500412302,85.51810062,0.549216042,0.002945536,0.182308931,0.000762719,0.115994768,48.36854531,51.63145469,34.2151462,13.72964465,20.48550154,40.12738854,59.87261146,61.91658091,27.71354198,34.20303892,44.75948377,55.24051623,41.71560022,19.81960167,21.89599855,47.51124655,52.48875345
경상북도,영주시,2017,711,619,415,183,39,743,743,725,318,66,744,733,673,244,47,703,538,264,73,0,581,305,77,6,0,10.51698582,10.79901313,64.96268347,2.10029151,0.041137526,2.020464386,0.010498616,0.225462288,50.29534769,49.70465231,22.42231475,9.347267686,13.07504706,41.68734491,58.31265509,47.69053867,21.83440128,25.85613739,45.78350736,54.21649264,17.16354937,8.723189199,8.440360167,50.8239235,49.1760765
경상북도,영천시,2017,718,670,477,232,62,744,744,736,539,174,744,741,700,397,113,710,636,405,141,3,630,433,118,20,0,5.875679029,10.0847606,68.04204069,1.729501619,0.024409818,1.999870793,0,0.465541047,49.94607294,50.05392706,25.61802552,10.58679054,15.03123498,41.32555231,58.67444769,51.95685835,23.84003417,28.11682418,45.88428733,54.11571267,23.92759891,12.01025148,11.91841529,50.19413576,49.81032713
경상북도,예천군,2017,711,619,415,183,39,743,743,725,318,66,744,733,673,244,47,703,538,264,73,0,581,305,77,6,0,12.05498166,16.58759513,54.73706687,2.079177924,0.063102472,0.448326014,0.01732381,0.342122294,48.91886939,51.08113061,33.48069082,13.60575381,19.87493701,40.63761374,59.36238626,59.54235192,26.71675294,32.82559897,44.87016734,55.12983266,40.25379083,19.39392551,20.85986532,48.17912826,51.82087174
경상북도,울릉군,2017,719,609,277,18,0,744,744,739,283,18,744,744,735,259,11,720,720,421,39,0,689,390,47,0,0,17.00230651,0.556441902,75.65784522,1.328924908,0,0.010109216,0.009639914,0.156257172,54.39759036,45.60240964,21.63855422,9.915662651,11.72289157,45.82405345,54.17594655,52.31325301,26.61445783,25.69879518,50.87517273,49.12482727,11.78313253,5.879518072,5.903614458,49.89775051,50.10224949
경상북도,울진군,2017,718,635,322,29,1,744,744,727,307,47,744,742,702,270,21,720,697,389,47,0,661,391,54,0,0,3.559799366,4.397251295,85.57158282,0.811163761,0.013894444,0.011705476,0.002795656,0.079226448,50.14583377,49.85416623,25.49468074,9.78660008,15.70808066,38.38683128,61.61316872,51.28102902,23.05642403,28.22460499,44.96092311,55.03907689,18.76324569,8.65140483,10.11184086,46.10825319,53.89174681
경상북도,의성군,2017,714,620,435,248,88,744,744,731,413,134,744,730,672,338,99,698,554,306,127,0,567,351,100,19,0,6.683321452,11.44652169,70.60591087,1.211638247,0.010342804,1.075503601,0,0.26737944,48.15410278,51.84589722,38.5779457,15.47056814,23.10737756,40.10210461,59.89789539,67.70433489,30.07094194,37.63339295,44.41509098,55.58490902,43.84131514,21.63025784,22.2110573,49.33761174,50.66238826
경상북도,청도군,2017,719,709,520,260,69,744,744,739,611,199,744,744,711,502,187,714,664,429,175,3,668,491,174,28,0,5.45496297,9.348389543,73.35073375,1.588409845,0.004603432,1.056897006,0.010597926,0.452981465,47.95658516,52.04341484,33.45612777,13.38047321,20.07565456,39.99408809,60.00591191,62.39028853,27.81664895,34.57363958,44.58490192,55.41509808,36.31913368,17.47719238,18.84194131,48.12117086,51.87882914
경상북도,포항시 남구,2017,719,714,499,135,30,744,744,744,531,174,744,744,734,451,79,720,711,556,110,2,701,576,155,12,0,5.934078649,8.29691467,64.06293108,4.211039294,0.217253368,0.099650025,0.015223432,0.42971293,51.69788859,48.30211141,13.04571996,5.708812421,7.336907541,43.76004113,56.23995887,38.79343229,18.68746358,20.1059687,48.17172001,51.82827999,12.2840699,6.004334321,6.279735581,48.87903088,51.12096912
경상북도,포항시 북구,2017,719,714,499,135,30,744,744,744,531,174,744,744,734,451,79,720,711,556,110,2,701,576,155,12,0,5.210853155,9.860322639,72.76641951,2.343797179,0.068888767,0.72405326,0.003407708,0.330769528,49.58492411,50.41507589,13.75110493,5.756145267,7.994959658,41.85951091,58.14048909,39.35754453,18.31599932,21.0415452,46.53745436,53.46254564,11.02292603,5.387899419,5.635026612,48.87903088,51.12096912
광주광역시,광산구,2017,718,713,554,231,43,744,744,744,659,145,744,744,724,550,141,720,706,537,181,4,696,504,177,21,0,7.638702269,21.37650449,34.09256158,8.024929673,1.161860625,0.104635439,0,0.221299803,50.14523762,49.85476238,8.044405813,3.15213919,4.892266623,39.18423888,60.81576112,24.65919306,11.87085367,12.78833939,48.139668,51.860332,2.45380998,1.189388368,1.264669247,48.47108689,51.53900494
광주광역시,남구,2017,718,713,554,231,43,744,744,744,659,145,744,744,724,550,141,720,706,537,181,4,696,504,177,21,0,9.013252914,25.48841274,29.853255,13.34024855,0.871753775,0.135681879,0,0.475155184,48.5141827,51.4858173,14.73677004,6.291047671,8.445722371,42.68946081,57.31053919,37.12603546,16.94119258,20.18484288,45.63156924,54.36843076,2.350471235,1.141461856,1.209009379,48.5631068,51.4368932
광주광역시,동구,2017,718,713,554,231,43,744,744,744,659,145,744,744,724,550,141,720,706,537,181,4,696,504,177,21,0,3.901254773,2.70509399,70.22368144,10.65344422,0.109957168,0.017283392,0,0.173031412,50.1106915,49.8893085,19.57386278,8.471655965,11.10220682,43.28045036,56.71954964,42.56363509,19.66001182,22.90362327,46.18969169,53.81030831,1.718973825,0.858485179,0.860488645,49.94172494,50.05827506
광주광역시,북구,2017,718,713,554,231,43,744,744,744,659,145,744,744,724,550,141,720,706,537,181,4,696,504,177,21,0,4.667005038,11.88446244,42.50131843,13.48377526,2.020189864,0.05284648,0,1.655085015,49.9111504,50.0888496,12.22217757,5.213328333,7.008849241,42.65466036,57.34533964,33.99166868,15.90229223,18.08937645,46.78291137,53.21708863,1.809808281,0.90367632,0.906131962,49.93215739,50.06784261
광주광역시,서구,2017,718,713,554,231,43,744,744,744,659,145,744,744,724,550,141,720,706,537,181,4,696,504,177,21,0,6.867349042,16.71883489,16.77973122,23.69233865,2.025742198,0.083529188,0,0.138726227,49.38809396,50.61190604,11.54238088,4.932363139,6.610017743,42.73263194,57.26736806,32.56401491,15.28641891,17.277596,46.94267261,53.05732739,1.241392782,0.61988247,0.621510312,49.93443483,50.06556517
대구광역시,남구,2017,719,709,537,267,70,744,744,741,592,196,744,744,724,450,128,718,699,461,154,0,675,460,123,20,0,0.278509835,0.002580993,23.49356177,35.03140751,15.35437386,0,0,0.024588264,48.33747348,51.66252652,19.31506495,7.942607256,11.37245769,41.12130752,58.87869248,44.4547948,19.74913316,24.70566165,44.42520373,55.57479627,3.33152202,1.617890597,1.713631424,48.5631068,51.4368932
대구광역시,달서구,2017,719,709,537,267,70,744,744,741,592,196,744,744,724,450,128,718,699,461,154,0,675,460,123,20,0,1.36618169,2.825902055,31.08033982,22.85708757,3.419619464,0.047985415,0,0.272043007,49.71477253,50.28522747,10.64423241,4.507582212,6.136650196,42.34764931,57.65235069,34.1197819,16.06917703,18.05060487,47.09636503,52.90363497,7.589367865,3.840177202,3.749190663,50.59943424,49.40056576
대구광역시,달성군,2017,719,709,537,267,70,744,744,741,592,196,744,744,724,450,128,718,699,461,154,0,675,460,123,20,0,5.426551478,12.81604631,59.94682436,3.372246228,0.555099418,0.146286636,0.088000996,0.641925506,50.7460591,49.2539409,11.30320694,4.674851853,6.628355087,41.3586328,58.6413672,32.64553236,15.45518804,17.19034432,47.34242919,52.65757081,6.999690151,3.428676556,3.571013595,48.98326186,51.01673814
대구광역시,동구,2017,719,709,537,267,70,744,744,741,592,196,744,744,724,450,128,718,699,461,154,0,675,460,123,20,0,4.7466989,7.147883438,60.55270879,8.105884598,0.999227854,0.431651199,0.01534713,0.360276068,49.47633111,50.52366889,16.05721638,6.771037297,9.286179087,42.16818865,57.83181135,40.07266881,18.18722525,21.88544357,45.38561016,54.61438984,13.1151306,6.636181884,6.478948717,50.59943424,49.40056576
대구광역시,북구,2017,719,709,537,267,70,744,744,741,592,196,744,744,724,450,128,718,699,461,154,0,675,460,123,20,0,4.927899139,3.948910311,48.90223281,14.44420711,0.856920348,0.454389849,0,0.395987037,50.08906798,49.91093202,11.47322521,4.73760074,6.735624473,41.29266751,58.70733249,33.14462102,15.56287338,17.58174764,46.95444662,53.04555338,10.09482454,5.107924104,4.986900434,50.59943424,49.40056576
대구광역시,서구,2017,719,709,537,267,70,744,744,741,592,196,744,744,724,450,128,718,699,461,154,0,675,460,123,20,0,2.381398988,1.116579055,11.30967446,34.80638338,0.478182438,0,0,0.264805714,50.24564147,49.75435853,16.91299405,7.106369188,9.80662486,42.01721568,57.98278432,45.0066619,20.64571555,24.36094635,45.87257681,54.12742319,22.91384801,11.59427745,11.31957055,50.59943424,49.40056576
대구광역시,수성구,2017,719,709,537,267,70,744,744,741,592,196,744,744,724,450,128,718,699,461,154,0,675,460,123,20,0,4.430320239,5.137795066,49.14136439,17.68293391,0.721343664,0.470523028,0.023895464,0.108054001,48.92743813,51.07256187,12.8212985,5.385906391,7.435392104,42.00749552,57.99250448,35.64814492,16.59087585,19.05726907,46.54064297,53.45935703,10.33958462,5.231771323,5.107813302,50.59943424,49.40056576
대구광역시,중구,2017,719,709,537,267,70,744,744,741,592,196,744,744,724,450,128,718,699,461,154,0,675,460,123,20,0,0,0,0,60.03467113,2.828333327,0,0,0,48.379669,51.620331,19.06063976,7.805324786,11.25531497,40.94996225,59.05003775,41.85386276,18.62759207,23.22627069,44.50626739,55.49373261,58.27435076,29.48649179,28.78785897,50.59943424,49.40056576
대전광역시,대덕구,2017,719,707,532,267,64,744,744,744,550,126,744,744,694,430,113,719,683,418,140,0,642,429,125,18,0,4.505212884,3.389038369,40.33192347,11.4553657,0.936874022,0.138310738,0.013690284,0.14221268,50.68448824,49.31551176,11.82862481,5.08499345,6.743631363,42.98888104,57.01111896,35.11166318,16.82176166,18.28990152,47.90932739,52.09067261,2.143494622,1.221275241,0.922219381,56.97589481,43.02410519
대전광역시,동구,2017,719,707,532,267,64,744,744,744,550,126,744,744,694,430,113,719,683,418,140,0,642,429,125,18,0,5.629676468,3.516919413,60.06330874,7.635556943,1.407743917,0.287513242,0,0.052049308,50.54706789,49.45293211,14.82952955,6.302038293,8.527491258,42.496549,57.503451,36.77783487,17.16318457,19.61465031,46.66719676,53.33280324,2.139392648,1.116277515,1.023115133,52.17730912,47.82269088
대전광역시,서구,2017,719,707,532,267,64,744,744,744,550,126,744,744,694,430,113,719,683,418,140,0,642,429,125,18,0,4.219048454,6.850947944,49.6074145,16.01575173,2.825152053,0.125721797,0.003817906,0.054810938,49.30249543,50.69750457,10.02190985,4.328015887,5.693893963,43.18554,56.81446,31.10295988,14.68308674,16.41987314,47.20800464,52.79199536,1.478709699,0.748586527,0.730123171,50.62430633,49.37569367
대전광역시,유성구,2017,719,707,532,267,64,744,744,744,550,126,744,744,694,430,113,719,683,418,140,0,642,429,125,18,0,5.667024861,8.547576043,48.59055737,12.63444587,1.724300047,0.74978022,3.69E-05,0.647642322,51.63025735,48.36974265,7.174551803,3.038226235,4.136325569,42.34726179,57.65273821,25.19070533,12.27810189,12.91260344,48.74060383,51.25939617,4.974662522,2.503655126,2.471007395,50.32814016,49.67185984
대전광역시,중구,2017,719,707,532,267,64,744,744,744,550,126,744,744,694,430,113,719,683,418,140,0,642,429,125,18,0,4.4874347,4.265391152,57.71927593,15.40590896,1.519876047,0.368422615,0,0.017345543,49.55383919,50.44616081,15.65255354,6.75626604,8.896287501,43.16398613,56.83601387,38.47754508,17.89131384,20.58623124,46.49806479,53.50193521,1.242803693,0.662203018,0.580600675,53.28299409,46.71700591
부산광역시,강서구,2017,719,719,483,61,1,744,744,744,487,33,744,744,740,588,100,720,718,616,134,0,711,612,218,23,0,5.56840065,25.8852631,2.34838759,5.525810384,1.129559147,0.032045009,0.338803471,0.204219445,51.12598417,48.87401583,11.04474924,4.948127695,6.096621547,44.80072464,55.19927536,31.38749662,15.12550397,16.26199266,48.18958373,51.81041627,18.06676871,9.24797663,8.818792081,51.18777341,48.81222659
부산광역시,금정구,2017,719,719,483,61,1,744,744,744,487,33,744,744,740,588,100,720,718,616,134,0,711,612,218,23,0,1.449533994,5.341094389,62.46994114,10.74319591,0.145649857,0.001280771,0.351303527,0.18392392,49.04999343,50.95000657,16.0059473,6.914142078,9.091805218,43.19733128,56.80266872,41.71855491,19.04695406,22.67160084,45.65583374,54.34416626,8.6022212,4.294949727,4.307271473,49.92838044,50.07161956
부산광역시,기장군,2017,719,719,483,61,1,744,744,744,487,33,744,744,740,588,100,720,718,616,134,0,711,612,218,23,0,2.990888024,9.887721335,67.1577941,4.721018987,0.887051876,0.988733929,0.007462674,0.6821967,49.08301031,50.91698969,13.42061546,5.565883501,7.854731957,41.47263975,58.52736025,32.34976136,14.53867046,17.81109089,44.94212586,55.05787414,3.201223532,1.603907919,1.597315613,50.1029654,49.8970346
부산광역시,남구,2017,719,719,483,61,1,744,744,744,487,33,744,744,740,588,100,720,718,616,134,0,711,612,218,23,0,1.01347323,0.448254596,31.38432398,30.98814388,0.272743262,0,0.003543574,0.734661132,49.20483484,50.79516516,16.16775373,7.001588879,9.166164852,43.30588526,56.69411474,39.85692831,18.18722657,21.66970174,45.63128003,54.36871997,7.597599994,3.79335863,3.804241365,49.92838044,50.07161956
부산광역시,동구,2017,719,719,483,61,1,744,744,744,487,33,744,744,740,588,100,720,718,616,134,0,711,612,218,23,0,0.534407753,0.193809085,28.14001093,37.12906936,0.160400383,0,0,0.196469209,49.02098722,50.97901278,23.03552585,9.508734904,13.52679095,41.2785667,58.7214333,49.8100598,22.38480478,27.42525501,44.94032907,55.05967093,24.55621996,12.26052292,12.29569703,49.92838044,50.07161956
부산광역시,동래구,2017,719,719,483,61,1,744,744,744,487,33,744,744,740,588,100,720,718,616,134,0,711,612,218,23,0,1.130569023,0.705274954,26.56468088,42.64359287,0.390660767,0,0.188478268,0.159844624,48.88012661,51.11987339,15.16666858,6.699697663,8.46697092,44.17382516,55.82617484,40.48979373,18.60426797,21.88552576,45.94804334,54.05195666,8.025535796,4.007020045,4.018515751,49.92838044,50.07161956
부산광역시,부산진구,2017,719,719,483,61,1,744,744,744,487,33,744,744,740,588,100,720,718,616,134,0,711,612,218,23,0,0.291951777,0.79189774,32.71611433,32.10821418,11.88034972,0,0.021432426,0.220439047,48.51595784,51.48404216,15.93418395,6.798835278,9.135348669,42.66823642,57.33176358,40.38845827,18.41397667,21.9744816,45.59217524,54.40782476,5.694197867,2.843020774,2.851177093,49.92838044,50.07161956
부산광역시,북구,2017,719,719,483,61,1,744,744,744,487,33,744,744,740,588,100,720,718,616,134,0,711,612,218,23,0,0.527527629,1.690805829,55.85468622,16.2738868,1.225361942,0.006660811,0,0.422036837,49.61731564,50.38268436,12.6279207,5.410639554,7.21728115,42.84663866,57.15336134,38.87396619,18.37050744,20.50345875,47.2565813,52.7434187,6.945356387,3.46770396,3.477652427,49.92838044,50.07161956
부산광역시,사상구,2017,719,719,483,61,1,744,744,744,487,33,744,744,740,588,100,720,718,616,134,0,711,612,218,23,0,0.357806233,1.138497801,33.89212129,18.24179614,0.264892646,0,0,0.142259168,50.26104601,49.73895399,13.18467427,5.705129043,7.479545227,43.27091383,56.72908617,40.19194176,19.16543655,21.02650521,47.68477389,52.31522611,9.119846029,4.553391421,4.566454608,49.92838044,50.07161956
부산광역시,사하구,2017,719,719,483,61,1,744,744,744,487,33,744,744,740,588,100,720,718,616,134,0,711,612,218,23,0,4.128299285,0.406649825,32.24008238,19.40561952,0.807380877,0,0,0.311566711,49.67856629,50.32143371,14.07515521,6.064556005,8.010599204,43.08695652,56.91304348,39.49886328,18.41764657,21.08121671,46.62829521,53.37170479,6.408479363,3.199649957,3.208829406,49.92838044,50.07161956
부산광역시,서구,2017,719,719,483,61,1,744,744,744,487,33,744,744,740,588,100,720,718,616,134,0,711,612,218,23,0,3.031764654,0.31905929,48.77202759,27.02818208,0.043310217,0,0.131361383,0.954994163,48.78970766,51.21029234,21.2898694,8.824643937,12.46522547,41.44996744,58.55003256,47.70187713,21.54033846,26.16153867,45.15616523,54.84383477,19.35728347,9.664778136,9.692505337,49.92838044,50.07161956
부산광역시,수영구,2017,719,719,483,61,1,744,744,744,487,33,744,744,740,588,100,720,718,616,134,0,711,612,218,23,0,0.251003281,0.04629701,23.56055321,50.63876695,0.716355348,0,0,0.026641602,47.60747947,52.39252053,17.77192511,7.74342743,10.02849768,43.57112345,56.42887655,43.21544948,19.2248397,23.99060978,44.48603435,55.51396565,12.23064435,6.106562642,6.124081709,49.92838044,50.07161956
부산광역시,연제구,2017,719,719,483,61,1,744,744,744,487,33,744,744,740,588,100,720,718,616,134,0,711,612,218,23,0,0.29427083,0.235678171,24.45709531,46.11178088,0.471831582,0,0,0.684280803,48.56386829,51.43613171,15.58750843,6.852891984,8.734616441,43.96399859,56.03600141,40.62457875,18.594573,22.03000574,45.77173125,54.22826875,10.45657655,5.220799321,5.235777229,49.92838044,50.07161956
부산광역시,영도구,2017,719,719,483,61,1,744,744,744,487,33,744,744,740,588,100,720,718,616,134,0,711,612,218,23,0,2.499067613,0.832617223,27.62174962,28.9042178,0.69314731,0,10.86853544,0.397062406,50.11091624,49.88908376,20.93073541,8.624238202,12.30649721,41.2037037,58.7962963,47.30557624,21.35598107,25.94959518,45.14474352,54.85525648,16.77277787,8.374376346,8.398401525,49.92838044,50.07161956
부산광역시,중구,2017,719,719,483,61,1,744,744,744,487,33,744,744,740,588,100,720,718,616,134,0,711,612,218,23,0,0.078306779,0,3.755544283,52.77124612,6.033652312,0,0,0,48.71524853,51.28475147,21.47804924,8.843489656,12.63455958,41.17454783,58.82545217,48.96330619,22.00224656,26.96105963,44.93619462,55.06380538,49.01244969,24.47112234,24.54132734,49.92838044,50.07161956
부산광역시,해운대구,2017,719,719,483,61,1,744,744,744,487,33,744,744,740,588,100,720,718,616,134,0,711,612,218,23,0,1.578298133,2.822914643,54.0115694,18.96889121,1.472858658,0.04109949,0,0.067352263,48.572878,51.427122,13.7240782,5.818856719,7.90522148,42.39888927,57.60111073,37.88839396,17.45137342,20.43702054,46.05994501,53.94005499,5.182875526,2.58772581,2.595149715,49.92838044,50.07161956
울산광역시,남구,2017,718,691,438,124,9,744,744,744,571,134,744,744,725,444,70,720,706,493,90,0,687,544,126,15,0,2.276736545,3.20264108,25.10453324,14.0390289,1.053569757,0.441560532,0,0.382345386,51.14578681,48.85421319,8.778229749,3.923195771,4.855033978,44.69233414,55.30766586,33.00511787,16.26914674,16.73597113,49.2928,50.7072,1.237522179,0.624645431,0.612876749,50.47549378,49.52450622
울산광역시,동구,2017,718,691,438,124,9,744,744,744,571,134,744,744,725,444,70,720,706,493,90,0,687,544,126,15,0,2.120417199,2.803166255,50.62088764,13.01632639,0.438103869,0.165458449,0,0.133788082,53.25491846,46.74508154,8.102091258,3.791610426,4.310480832,46.79792298,53.20207702,31.59266336,15.64850036,15.944163,49.53207073,50.46792927,0.494329237,0.254176381,0.240152856,51.41843972,48.58156028
울산광역시,북구,2017,718,691,438,124,9,744,744,744,571,134,744,744,725,444,70,720,706,493,90,0,687,544,126,15,0,4.202160433,11.24831619,63.59327567,4.028455654,0.42965198,0.710200401,0,0.446407468,51.95372397,48.04627603,6.663811427,2.78121464,3.882596787,41.73609458,58.26390542,26.96191957,13.74163256,13.220287,50.96681832,49.03318168,2.859469348,1.414400981,1.445068367,49.4637574,50.5362426
울산광역시,울주군,2017,718,691,438,124,9,744,744,744,571,134,744,744,725,444,70,720,706,493,90,0,687,544,126,15,0,2.878317396,9.707722608,68.87240161,2.50413632,0.16163478,1.314987628,0.003978347,0.349492164,51.56599288,48.43400712,11.92205718,4.961458663,6.960598513,41.61579323,58.38420677,34.39513023,16.73936982,17.65576041,48.66784836,51.33215164,8.176623769,4.022382805,4.154240965,49.19368823,50.80631177
울산광역시,중구,2017,718,691,438,124,9,744,744,744,571,134,744,744,725,444,70,720,706,493,90,0,687,544,126,15,0,6.23771026,6.349155859,38.39725499,20.29765122,1.160169958,1.940491535,0,0.927716715,51.05194555,48.94805445,10.89424988,4.81548751,6.078762367,44.20210262,55.79789738,35.96572576,17.37729439,18.58843138,48.31626227,51.68373773,1.526528345,0.779076476,0.747451869,51.03583427,48.96416573
인천광역시,강화군,2017,719,717,506,108,0,744,744,744,467,27,744,744,699,424,71,720,715,555,100,0,678,428,104,4,0,9.409212566,29.97481948,43.34426334,3.699618349,0.010838421,0.08283167,0.045282939,0.434747493,50.16839924,49.83160076,29.74675346,13.23229379,16.51445967,44.4831528,55.5168472,58.09449788,27.48145989,30.61303799,47.304755,52.695245,26.98921597,12.81615337,14.1730626,47.4862011,52.5137989
인천광역시,계양구,2017,719,717,506,108,0,744,744,744,467,27,744,744,699,424,71,720,715,555,100,0,678,428,104,4,0,11.55987263,20.64314994,27.78799677,15.3296256,0.714775084,0.080758839,0.001424136,0.250961774,49.83002354,50.16997646,9.22098818,3.846226084,5.374762096,41.71164749,58.28835251,33.62403586,16.26546379,17.35857207,48.37451356,51.62548644,10.15914555,5.006010217,5.15313533,49.27589819,50.72410181
인천광역시,남구,2017,719,717,506,108,0,744,744,744,467,27,744,744,699,424,71,720,715,555,100,0,678,428,104,4,0,0.864391032,0.175708414,7.018707027,43.47590686,2.378541873,0,0,0.034147688,50.65905097,49.34094903,13.79416991,5.987422804,7.806747111,43.40545927,56.59454073,36.95741819,17.31352662,19.64389157,46.84722979,53.15277021,7.966048443,3.925341921,4.040706522,49.27589819,50.72410181
인천광역시,남동구,2017,719,717,506,108,0,744,744,744,467,27,744,744,699,424,71,720,715,555,100,0,678,428,104,4,0,9.895929818,2.121242418,18.27062456,20.76061931,10.06088,0.399010013,0,0.190549134,49.73624805,50.26375195,10.40425114,4.421855344,5.982395797,42.5004672,57.4995328,32.81140326,15.48271564,17.32868762,47.1869963,52.8130037,6.310214288,3.109414768,3.200799519,49.27589819,50.72410181
인천광역시,동구,2017,719,717,506,108,0,744,744,744,467,27,744,744,699,424,71,720,715,555,100,0,678,428,104,4,0,0.001056831,0,0.907428108,25.39226527,2.958629185,0,0,0,50.17624947,49.82375053,17.86920973,7.408328336,10.46088139,41.45862323,58.54137677,41.4471471,19.19729702,22.24985008,46.31753538,53.68246462,47.4688821,23.39071802,24.07816408,49.27589819,50.72410181
인천광역시,부평구,2017,719,717,506,108,0,744,744,744,467,27,744,744,699,424,71,720,715,555,100,0,678,428,104,4,0,1.924707556,2.018905142,22.3763847,32.43529029,2.608871254,0,0,0.093440475,49.60432902,50.39567098,11.25683946,4.760110336,6.49672912,42.2863838,57.7136162,34.80717634,16.44352079,18.36365555,47.24175449,52.75824551,6.114812414,3.01312874,3.101683674,49.27589819,50.72410181
인천광역시,서구,2017,719,717,506,108,0,744,744,744,467,27,744,744,699,424,71,720,715,555,100,0,678,428,104,4,0,7.692585201,10.24291321,23.52958671,14.76036871,3.101735596,0.216286692,0.002754427,0.195798715,50.37735119,49.62264881,8.57310963,3.653191147,4.919918483,42.61220613,57.38779387,29.71312352,14.53214356,15.18097995,48.90816529,51.09183471,6.607259557,3.255786493,3.351473064,49.27589819,50.72410181
인천광역시,연수구,2017,719,717,506,108,0,744,744,744,467,27,744,744,699,424,71,720,715,555,100,0,678,428,104,4,0,1.543079514,0.553970526,7.204808836,30.51956355,13.89787182,0.000233135,0.032014611,0.098293283,49.83278009,50.16721991,8.224349215,3.414281079,4.810068136,41.51430089,58.48569911,29.89243018,14.57121821,15.32121197,48.74551223,51.25448777,10.12491577,4.989143185,5.135772581,49.27589819,50.72410181
인천광역시,옹진군,2017,719,717,506,108,0,744,744,744,467,27,744,744,699,424,71,720,715,555,100,0,678,428,104,4,0,9.12258694,7.450216911,70.57884453,2.206539885,0.005176867,0.322483061,0.008969797,0.189645887,57.12527425,42.87472575,21.97784556,9.664472628,12.31337293,43.97370343,56.02629657,50.08294536,25.37057848,24.71236689,50.65712149,49.34287851,15.77567293,7.438326109,8.337346819,47.15061058,52.84938942
인천광역시,중구,2017,719,717,506,108,0,744,744,744,467,27,744,744,699,424,71,720,715,555,100,0,678,428,104,4,0,4.249626895,5.381383355,25.3632756,8.549155366,0.113949272,2.215854364,0.780066409,0.108683965,51.47698733,48.52301267,13.62912945,5.890470189,7.738659258,43.21970975,56.78029025,34.47714372,16.62174221,17.85540151,48.21090269,51.78909731,29.85621107,14.71191617,15.1442949,49.27589819,50.72410181
전라남도,강진군,2017,719,695,483,146,7,585,585,585,443,74,744,744,709,529,127,718,685,456,148,0,651,480,173,27,0,6.189376112,21.80715888,57.65425103,2.101082282,0.006265184,0.162963497,0.007026681,0.254563486,48.12578092,51.87421908,32.05509609,12.40257036,19.65252573,38.69141531,61.30858469,56.79776284,24.87951449,31.91824835,43.80368741,56.19631259,33.76866782,15.79698935,17.97167847,46.78001938,53.21998062
전라남도,고흥군,2017,719,676,427,124,4,744,744,741,496,82,744,744,696,494,104,717,690,481,136,0,650,507,153,20,0,10.03552845,19.53264746,56.20184333,1.946818896,0.014903429,0.256157513,0,0.234280897,48.16669412,51.83330588,39.22747488,15.63828035,23.58919453,39.8656309,60.1343691,65.19024872,28.84862461,36.34162411,44.25297521,55.74702479,43.26470104,19.73151046,23.53483775,45.60648747,54.39731973
전라남도,곡성군,2017,717,659,439,196,31,744,744,744,499,109,744,735,686,361,97,708,640,348,114,0,609,397,109,15,0,5.242188214,11.64726576,72.05871887,1.461608282,0.014579663,0.171220814,0.036947686,0.234153117,48.52774632,51.47225368,32.88859003,12.53185164,20.35673839,38.10394921,61.89605079,55.75806908,24.37712344,31.38094564,43.71945414,56.28054586,42.34498867,20.89821631,21.44677237,49.35227748,50.64772252
전라남도,광양시,2017,718,718,545,190,15,704,704,704,524,111,744,744,736,513,133,720,709,543,134,0,699,577,160,21,0,3.987868001,10.3592204,64.88496151,2.813561295,0.300372114,0.065964463,0.046197666,0.272696945,51.61998555,48.38001445,11.33954813,4.633039428,6.706508701,40.85735494,59.14264506,32.85635123,16.26999993,16.5863513,49.51858415,50.48141585,11.82985768,5.675385619,6.154472058,47.97509635,52.02490365
전라남도,구례군,2017,715,643,403,149,9,744,744,738,457,112,742,738,693,383,107,713,620,362,116,0,573,366,108,18,0,4.259806702,9.385270255,77.01428126,1.545139166,0.012453256,0.123675633,0.012179887,0.13470113,48.42741096,51.57258904,32.23078525,12.50989377,19.72089148,38.8134936,61.1865064,57.87960841,25.528015,32.35159342,44.10536922,55.89463078,39.49593835,18.02957717,21.47052697,45.64919312,54.36135429
전라남도,나주시,2017,718,713,554,231,43,744,744,744,659,145,744,744,724,550,141,720,706,537,181,4,696,504,177,21,0,10.09722847,24.57257856,38.60276455,3.78883792,0.360343955,2.257600627,0.017877433,0.294006429,49.40959332,50.59040668,23.03739592,8.981941735,14.05545418,38.98852877,61.01147123,44.6706097,20.14513727,24.52547243,45.09707256,54.90292744,23.88053441,11.55540175,12.32513266,48.38837168,51.61162832
전라남도,담양군,2017,717,659,439,196,31,744,744,744,499,109,744,735,686,361,97,708,640,348,114,0,609,397,109,15,0,5.620237689,17.67373247,60.49585456,2.558359786,0.021104386,0.17328121,0.007161782,0.284211651,49.25062645,50.74937355,29.42886861,11.71103021,17.7178384,39.79436099,60.20563901,54.56243204,24.54966668,30.01276535,44.99371778,55.00628222,27.64644698,13.18140986,14.46503711,47.67849508,52.32150492
전라남도,목포시,2017,719,714,527,119,0,744,744,744,625,108,744,744,728,554,122,720,715,585,126,0,711,510,132,18,0,13.97185596,4.793953938,22.21030978,22.56946242,2.26354285,0.012987302,0.055748386,0.326604599,50.20386729,49.79613271,13.82668505,5.748417093,8.078267961,41.57480315,58.42519685,35.42807861,16.41569287,19.01238574,46.33526151,53.66473849,1.45290132,0.729652764,0.723248556,50.22039377,49.77960623
전라남도,무안군,2017,719,685,462,150,1,742,742,742,604,117,735,734,698,489,126,720,678,419,131,2,646,401,107,16,0,20.76769618,19.6549796,33.31285425,3.154036585,0.247879883,0.073197512,0.033338443,0.206091197,50.39308572,49.60691428,18.90843118,7.631154563,11.27727662,40.35847548,59.64152452,38.31577886,17.6422416,20.67353727,46.04432461,53.95567539,23.10134556,10.96986343,12.13022224,47.48582024,52.508726
전라남도,보성군,2017,719,706,520,175,8,744,744,744,569,105,744,744,712,500,127,717,695,465,149,0,665,488,166,29,0,7.289644149,16.67344169,62.16914607,2.099321211,0.004457969,0.341909378,0,0.176960463,48.11072944,51.88927056,35.78500707,13.96494241,21.82006466,39.02456239,60.97543761,60.1586179,26.41695292,33.74166498,43.91216727,56.08783273,36.38613861,17.0943625,19.28925035,46.98042482,53.01263362
전라남도,순천시,2017,715,643,403,149,9,744,744,738,457,112,742,738,693,383,107,713,620,362,116,0,573,366,108,18,0,5.994872805,11.50586965,67.97317302,2.466538743,0.241952188,0.235859246,0.010317329,0.196944103,49.90375925,50.09624075,13.74673368,5.722637564,8.024096112,41.6290713,58.3709287,35.65937203,16.86160618,18.79776585,47.28520223,52.71479777,9.594956909,4.607076815,4.987880094,48.01560714,51.98439286
전라남도,신안군,2017,719,685,462,150,1,742,742,742,604,117,735,734,698,489,126,720,678,419,131,2,646,401,107,16,0,16.32265798,15.84384517,49.79506062,1.630918653,0.005777338,0.021699671,0.007328683,0.304856123,51.88881581,48.11118419,35.56292716,14.46138008,21.10154708,40.66420071,59.33579929,62.6869513,29.4718179,33.2151334,47.01427855,52.98572145,44.46223798,20.970002,23.49223598,47.16362233,52.83637767
전라남도,여수시,2017,719,719,539,85,5,744,744,744,489,35,744,744,744,594,114,720,719,656,128,0,710,625,202,17,0,12.67432874,7.770557915,59.52219361,4.491035923,0.462433076,0.1076536,0.075865666,0.349492406,50.86684593,49.13315407,16.56737926,7.029474247,9.537905011,42.42960904,57.57039096,40.47843656,19.13449111,21.34394545,47.2708255,52.7291745,7.273854976,3.493753064,3.780101912,48.03165688,51.96834312
전라남도,영광군,2017,719,685,462,150,1,742,742,742,604,117,735,734,698,489,126,720,678,419,131,2,646,401,107,16,0,12.71708677,23.94393303,43.77517959,2.867703405,0.07827339,0.140047396,0.001562297,0.131734189,49.64485601,50.35514399,27.68291442,11.12445304,16.55846138,40.18526687,59.81473313,51.41955836,23.33163733,28.08792103,45.37502474,54.62497526,25.86140226,12.31301516,13.5483871,47.61155269,52.38844731
전라남도,영암군,2017,719,695,483,146,7,585,585,585,443,74,744,744,709,529,127,718,685,456,148,0,651,480,173,27,0,9.962108069,26.544199,37.89681876,2.35960325,0.32293244,0.65173671,0.035362591,0.191049774,51.36054422,48.63945578,23.19360177,9.102776246,14.09082552,39.24692826,60.75307174,45.0615922,20.9009009,24.1606913,46.38296136,53.61703864,28.68725869,13.30575473,15.38334253,46.38210601,53.62430302
전라남도,완도군,2017,719,718,512,126,4,744,744,744,566,91,744,744,731,563,110,720,717,599,128,0,715,571,190,24,0,13.53327904,9.017823597,65.34711719,2.409908564,0.021748293,0.266502289,0,0.348194319,50.20762065,49.79237935,30.82037049,12.82729835,17.99307214,41.61954625,58.38045375,55.8295144,25.64168764,30.18782676,45.92855216,54.07144784,18.5395555,8.616794681,9.922760817,46.47789254,53.52210746
전라남도,장성군,2017,718,713,554,231,43,744,744,744,659,145,744,744,724,550,141,720,706,537,181,4,696,504,177,21,0,6.704927056,15.35228852,61.4248926,2.19481052,0.047860389,0.480505676,0.028791942,0.255619065,49.7141711,50.2858289,28.5904122,11.36295256,17.22745963,39.74392704,60.25607296,51.94313509,23.49563735,28.44749774,45.23338321,54.76661679,29.10941731,13.39634941,15.71557517,46.02067183,53.98794143
전라남도,장흥군,2017,719,700,493,167,6,744,744,741,540,103,744,744,703,477,113,716,670,438,139,0,624,459,159,23,0,5.39270674,15.52756563,64.69849967,1.792982437,0.053421269,0.128708975,0.016614233,0.266913131,48.54799565,51.45200435,32.43228164,12.72072977,19.71155187,39.22243248,60.77756752,57.62267414,25.60046866,32.02220548,44.42776917,55.57223083,28.94523949,13.08896142,15.8590677,45.21973786,54.78989977
전라남도,진도군,2017,719,649,272,60,0,731,731,730,235,39,744,744,697,287,41,720,691,279,38,0,671,317,58,6,0,12.61416063,16.62041783,57.51240655,1.684597103,0.011242684,0.150368839,0.007503878,0.385399533,48.91864058,51.08135942,33.30018822,12.96565929,20.33452893,38.93569372,61.06430628,58.45022906,26.09467666,32.3555524,44.64426757,55.35573243,32.77105011,14.64185518,18.12919493,44.6792371,55.3207629
전라남도,함평군,2017,719,685,462,150,1,742,742,742,604,117,735,734,698,489,126,720,678,419,131,2,646,401,107,16,0,12.27012062,22.82807212,46.71223416,3.038226851,0.087209127,0.154618537,0.101895616,0.091971096,49.27945278,50.72054722,34.51653606,13.41811662,21.09841944,38.87445887,61.12554113,59.26085802,26.48094036,32.77991765,44.6853813,55.3146187,43.75415062,21.37734095,22.37348918,48.85785839,51.13455263
전라남도,해남군,2017,718,687,460,165,9,744,744,744,612,124,744,742,706,525,147,716,685,455,148,0,615,444,153,24,0,12.09516793,22.40858486,44.19283386,1.865532966,0.100579771,0.107903773,0.017047285,0.365327905,48.8217405,51.1782595,29.92015101,11.92042067,17.99973034,39.84077709,60.15922291,54.79917904,24.86254888,29.93663016,45.37029443,54.62970557,29.305928,14.03424668,15.27168132,47.88876393,52.11123607
전라남도,화순군,2017,718,713,554,231,43,744,744,744,659,145,744,744,724,550,141,720,706,537,181,4,696,504,177,21,0,6.1153494,9.149823482,73.26072558,1.604212244,0.038903757,0.211486406,0.002749772,0.33323021,48.35170332,51.64829668,24.91037335,9.35952377,15.55084958,37.57279604,62.42720396,47.76141802,21.2052492,26.55616881,44.3982823,55.6017177,22.45918861,10.14657084,12.31261777,45.17781572,54.82218428
전라북도,고창군,2017,719,677,499,199,24,744,744,744,643,162,741,741,693,496,128,715,681,421,156,3,628,382,100,17,0,15.34308379,23.28767257,43.31286912,2.756317403,0.019564103,0.082509222,0.00490037,0.348992488,49.53053808,50.46946192,31.33127963,12.35358138,18.97769825,39.42890786,60.57109214,55.90747265,24.81968604,31.08778661,44.39421935,55.60578065,34.18678866,16.82684326,17.3599454,49.22030972,50.77969028
전라북도,군산시,2017,719,698,492,165,3,744,744,744,546,71,735,735,683,417,93,720,689,417,107,0,671,444,115,10,0,5.150115897,33.29153848,20.0844352,6.140519059,0.54636347,0.047678606,0.012825461,0.296495904,50.98462189,49.01537811,15.32400046,6.467407218,8.856593242,42.20443111,57.79556889,36.98234612,17.51600265,19.46634346,47.36314618,52.63685382,6.650506488,3.40920463,3.241301858,51.26233071,48.73766929
전라북도,김제시,2017,719,701,476,155,1,740,740,740,606,113,744,744,701,465,113,705,670,400,133,3,648,421,123,16,0,9.978920814,40.04778961,21.32342018,3.545458022,0.059116914,0.242975595,0.038158341,0.546806393,49.1494954,50.8505046,29.41307744,11.58843512,17.82464232,39.39892092,60.60107908,54.18309405,24.16251333,30.02058072,44.59419262,55.40580738,25.39859654,12.59639465,12.80220189,49.59484526,50.40515474
전라북도,남원시,2017,719,674,470,212,31,744,744,744,505,124,744,738,686,382,105,712,654,374,117,0,630,422,103,17,0,5.414310311,16.74730366,63.01811512,1.928130967,0.040726777,0.323205435,0.086303636,0.185483614,49.06374628,50.93625372,25.53269608,10.03481674,15.49787934,39.30182972,60.69817028,49.23593087,22.18522504,27.05070583,45.05901412,54.94098588,23.96024562,11.40343103,12.55681459,47.59313078,52.40686922
전라북도,무주군,2017,713,657,443,210,40,744,744,741,441,98,744,734,664,324,82,707,584,286,103,0,546,342,86,12,0,5.803419265,4.972104963,81.2462215,0.986602323,0.003619351,0.050911631,0.015297188,0.158387737,49.56251641,50.43748359,31.26257765,12.36766121,18.89491644,39.56059334,60.43940666,56.63225129,25.64091347,30.99133782,45.2761684,54.7238316,36.45550792,16.89561641,19.5598915,46.34585383,53.65414617
전라북도,부안군,2017,719,701,476,155,1,740,740,740,606,113,744,744,701,465,113,705,670,400,133,3,648,421,123,16,0,10.83733527,28.76045609,40.43025059,2.716069722,0.045101376,0.021808393,0.069343014,0.306568893,49.4923509,50.5076491,30.55124605,12.09717013,18.45407592,39.5963232,60.4036768,55.84925669,25.0486047,30.80065199,44.85038152,55.14961848,30.71031598,15.08218613,15.62812985,49.11113953,50.88886047
전라북도,순창군,2017,717,659,439,196,31,744,744,744,499,109,744,735,686,361,97,708,640,348,114,0,609,397,109,15,0,7.510011178,14.66378656,65.8470401,1.558292878,0.016401035,0.072380334,0.010638106,0.250678597,47.88007268,52.11992732,33.41913992,12.73092065,20.68821926,38.09469869,61.90530131,56.6891278,24.59872804,32.09039976,43.39232053,56.60767947,39.69185342,18.46229558,21.22955784,46.51406772,53.48593228
전라북도,완주군,2017,719,701,517,178,11,744,744,744,600,106,743,743,703,476,111,720,699,467,140,2,669,449,140,19,0,5.538712714,9.882993876,71.74093194,2.00414942,0.14862722,0.126354095,0.003857198,0.137582626,51.1299137,48.8700863,19.41003946,7.919945984,11.49009347,40.80334819,59.19665181,40.39942608,18.85932522,21.54010086,46.68216123,53.31783877,17.77372186,9.010824383,8.762897474,50.69745355,49.30254645
전라북도,익산시,2017,719,701,517,178,11,744,744,744,600,106,743,743,703,476,111,720,699,467,140,2,669,449,140,19,0,10.7371703,39.63443476,22.44340253,5.285246544,0.20992165,0.119470777,0.052908631,0.303348922,50.23415759,49.76584241,15.9592346,6.571628553,9.387606047,41.17759227,58.82240773,38.34064266,17.8683375,20.47230516,46.60416795,53.39583205,9.759553122,5.037177801,4.722037188,51.61279146,48.38374389
전라북도,임실군,2017,714,618,393,179,31,744,744,742,404,94,744,730,673,307,92,699,582,284,107,0,545,334,88,16,0,6.900292564,10.06627718,68.39640172,1.380078455,0.015481137,0.09111998,0.016783167,0.242730643,50.13945921,49.86054079,34.26822654,13.56628186,20.70194468,39.58851458,60.41148542,58.06151701,26.33067328,31.73084373,45.34961302,54.65038698,37.80119315,17.94375145,19.8574417,47.46874359,52.53125641
전라북도,장수군,2017,705,596,352,149,8,744,744,733,328,48,744,707,628,263,40,686,506,235,48,0,502,288,60,9,0,5.765845127,8.883371059,74.98430707,1.076574918,0.036806943,0.737219166,0.053816087,0.155540684,49.30463576,50.69536424,31.06433302,12.3935667,18.67076632,39.89645196,60.10354804,55.99810785,25.27909177,30.71901608,45.1427606,54.8572394,45.42100284,22.31788079,23.09839167,49.13559675,50.85398875
전라북도,전주시 덕진구,2017,719,701,517,178,11,744,744,744,600,106,743,743,703,476,111,720,699,467,140,2,669,449,140,19,0,10.16860705,25.09888715,22.0726511,12.79101936,0.541605921,0.237963818,0.100998714,0.145905764,49.88916448,50.11083552,12.598824,5.429379217,7.169444782,43.09433339,56.90566661,32.84651276,15.54611208,17.30040067,47.32956646,52.67043354,2.651379807,1.063604669,1.587775137,40.11513803,59.88486197
전라북도,전주시 완산구,2017,719,701,517,178,11,744,744,744,600,106,743,743,703,476,111,720,699,467,140,2,669,449,140,19,0,5.666404773,11.73658307,45.45685579,17.09617132,1.052436555,0.284403318,0.001982899,0.246947032,49.08790714,50.91209286,12.55366673,5.280392281,7.273274451,42.06254949,57.93745051,34.08027301,15.77270431,18.3075687,46.2810386,53.7189614,2.11022422,0.846519359,1.263704861,40.11513803,59.88486197
전라북도,정읍시,2017,719,678,479,178,14,744,744,744,601,131,744,744,693,448,113,720,670,379,136,1,629,378,110,17,0,10.62232929,25.34432173,46.3326479,2.829317439,0.082768335,0.065090797,0.016528915,0.280596841,49.47141939,50.52858061,25.20793942,10.06957704,15.13836238,39.9460538,60.0539462,48.58284511,22.06532977,26.51751535,45.41794479,54.58205521,21.09758483,10.28100929,10.81657554,48.73074036,51.26925964
전라북도,진안군,2017,705,596,352,149,8,744,744,733,328,48,744,707,628,263,40,686,506,235,48,0,502,288,60,9,0,5.084358157,5.978102909,77.27863208,0.921581282,0.04909674,0.049151259,0.018433997,0.130375725,49.56614604,50.43385396,33.56027233,13.66973702,19.89053531,40.73190135,59.26809865,59.28002492,27.31722511,31.9627998,46.08166942,53.91833058,38.69977306,18.46660437,20.23316869,47.71760377,52.28239623
충청남도,계룡시,2017,719,707,532,267,64,744,744,744,550,126,744,744,694,430,113,719,683,418,140,0,642,429,125,18,0,4.474784922,6.414741189,65.58201576,4.0333423,0.280818997,0.15642766,0.008505889,0.199899092,49.58962533,50.41037467,9.286121649,3.726846686,5.559274963,40.13351135,59.86648865,28.81797218,13.65270649,15.16526569,47.37566684,52.62433316,3.466488135,1.733244068,1.730764462,50,49.92846924
충청남도,공주시,2017,719,707,532,267,64,744,744,744,550,126,744,744,694,430,113,719,683,418,140,0,642,429,125,18,0,6.316150065,11.86133508,69.78141378,2.247840236,0.064161064,0.180850507,0.028869841,0.315762059,49.56868909,50.43131091,21.31895329,8.982106242,12.33684705,42.13202271,57.86797729,45.6638575,21.26204735,24.40181015,46.56209202,53.43790798,22.10208745,10.76696565,11.33602507,48.71470023,51.28938657
충청남도,금산군,2017,713,657,443,210,40,744,744,741,441,98,744,734,664,324,82,707,584,286,103,0,546,342,86,12,0,8.787107919,9.610082648,70.23153365,1.810289363,0.00809674,0.338128193,0.025876711,0.185572357,50.47624261,49.52375739,25.53828188,10.46456463,15.07371725,40.97599314,59.02400686,49.91059047,22.99467192,26.91591855,46.07172888,53.92827112,28.87927888,14.28362893,14.59564995,49.45978391,50.54021609
충청남도,논산시,2017,718,675,461,205,23,744,744,744,496,100,744,742,675,388,98,707,650,363,127,0,612,398,126,16,0,9.722122558,27.04616632,42.36500214,4.116895427,0.053280279,0.568851652,0.00851504,0.308533328,50.03971406,49.96028594,22.72814682,9.344927052,13.38321977,41.1160977,58.8839023,46.77898081,21.58772627,25.19125455,46.14834674,53.85165326,20.24580912,9.730362443,10.51461059,48.06111914,51.93475119
충청남도,당진시,2017,719,688,431,153,1,744,744,744,456,51,744,744,671,404,71,714,658,403,112,0,632,392,109,2,0,9.954474416,30.12352578,32.82914501,3.18702381,0.404894643,0.264542667,0.00566453,0.275095565,52.41261529,47.58738471,16.48426856,7.074284064,9.409984491,42.91536528,57.08463472,36.76216668,17.77518256,18.98698412,48.35183604,51.64816396,19.17032405,9.779803726,9.390520321,51.01532818,48.98467182
충청남도,보령시,2017,719,686,434,101,0,744,744,744,518,29,744,744,688,456,69,720,689,430,85,0,659,430,113,1,0,7.284962043,18.0999894,57.39924603,2.859778908,0.070691641,0.204909243,0.008954796,0.305859442,50.6367446,49.3632554,22.51292352,9.431365152,13.08155837,41.89311594,58.10688406,47.53102154,21.98578668,25.54523487,46.25565781,53.74434219,19.35214168,9.415051439,9.938109852,48.6512118,51.3540569
충청남도,부여군,2017,718,675,461,205,23,744,744,744,496,100,744,742,675,388,98,707,650,363,127,0,612,398,126,16,0,7.312145514,23.69343966,50.88573417,2.7211703,0.016303676,0.13966816,0.064122037,0.437584948,49.42305667,50.57694333,30.18459178,12.4655865,17.71900528,41.29784689,58.70215311,56.59911841,25.75258383,30.84653458,45.49997342,54.50002658,30.53662499,14.72672293,15.80990206,48.22642625,51.77357375
충청남도,서산시,2017,719,688,431,153,1,744,744,744,456,51,744,744,671,404,71,714,658,403,112,0,632,392,109,2,0,10.60062403,26.35642887,39.28355216,2.618388481,0.225153478,0.071531761,0.038919744,0.359177475,51.50142848,48.49857152,16.57285271,6.98863291,9.584219804,42.1691608,57.8308392,37.60500881,17.85058659,19.75442222,47.46864089,52.53135911,16.30417604,7.863351772,8.440824266,48.22906569,51.77093431
충청남도,서천군,2017,719,698,492,165,3,744,744,744,546,71,735,735,683,417,93,720,689,417,107,0,671,444,115,10,0,8.713019752,29.84105873,40.05345702,3.766278226,0.152873837,0.06144895,0.125139962,0.527559323,48.98294402,51.01705598,32.49040243,13.33537063,19.1550318,41.04403033,58.95596967,58.6416334,26.47783486,32.16379854,45.15193955,54.84806045,21.9359398,10.32144699,11.61449281,47.05267741,52.94732259
충청남도,아산시,2017,717,657,440,191,23,743,743,740,381,64,744,741,668,309,59,704,609,323,88,0,540,345,93,9,0,10.24678911,23.59981247,38.67439905,4.659075301,0.382113345,1.566755078,0.012217993,0.257787338,51.44398892,48.55601108,11.05540341,4.570660012,6.484743401,41.34322233,58.65677767,27.96972987,13.39890781,14.57082206,47.90503117,52.09496883,7.020466367,3.489491339,3.530975029,49.70455175,50.29544825
충청남도,예산군,2017,719,688,431,153,1,744,744,744,456,51,744,744,671,404,71,714,658,403,112,0,632,392,109,2,0,10.60402902,22.08022882,45.06856413,3.235221706,0.178734097,2.212273068,0.011280391,0.297568943,50.07343862,49.92656138,27.27237278,11.52011438,15.7522584,42.24096845,57.75903155,53.67907974,24.82485215,28.85422759,46.24679161,53.75320839,32.02833561,15.90953402,16.12010138,49.67330871,50.33074956
충청남도,천안시 동남구,2017,717,657,440,191,23,743,743,740,381,64,744,741,668,309,59,704,609,323,88,0,540,345,93,9,0,8.051014018,12.75503511,59.67004742,4.523128248,0.344201965,0.256353594,0.091546341,0.496527469,50.71491429,49.28508571,11.2355494,4.744533783,6.491015622,42.22787522,57.77212478,31.46487857,15.13241521,16.33246335,48.09303549,51.90696451,11.75904267,5.926530428,5.832512241,50.39976973,49.60023027
충청남도,천안시 서북구,2017,717,657,440,191,23,743,743,740,381,64,744,741,668,309,59,704,609,323,88,0,540,345,93,9,0,9.334145663,20.49948221,25.8751849,8.528251884,0.79970174,7.727081711,0,0.33729436,50.99632391,49.00367609,7.521672908,3.115230013,4.406442895,41.41671742,58.58328258,24.9819631,12.25392517,12.72803793,49.05108987,50.94891013,8.952027576,4.511801285,4.440226291,50.39976973,49.60023027
충청남도,청양군,2017,718,675,461,205,23,744,744,744,496,100,744,742,675,388,98,707,650,363,127,0,612,398,126,16,0,7.325244311,14.77954439,66.10625975,1.999974795,0.014593424,0.093380634,0.004137356,0.298451294,50.01463177,49.98536823,32.27767843,13.51975289,18.75792554,41.88576609,58.11423391,58.27345147,26.88668509,31.38676638,46.13882379,53.86117621,43.42058202,21.25833198,22.16225004,48.95911337,51.04088663
충청남도,태안군,2017,719,688,431,153,1,744,744,744,456,51,744,744,671,404,71,714,658,403,112,0,632,392,109,2,0,12.45403721,21.83027323,45.56401395,2.39307032,0.011789506,0.04183134,0.028321879,0.169583472,50.57430492,49.42569508,26.95685957,11.6786595,15.27820006,43.32351651,56.67648349,53.45258606,24.74916388,28.70342218,46.30115342,53.69884658,25.99236512,12.03337725,13.95729874,46.29581492,53.69768651
충청남도,홍성군,2017,719,693,471,199,16,744,744,744,516,77,719,717,647,356,61,714,656,352,102,0,568,361,106,7,0,13.55522501,22.09450224,44.11482762,3.910139351,0.303464874,0.656593202,0.004546961,0.47712615,49.60159565,50.39840435,20.80352509,8.723172581,12.08035251,41.9312234,58.0687766,42.83330111,19.79708346,23.03621765,46.21890665,53.78109335,18.79980054,9.299154345,9.499628563,49.46411172,50.53047526
충청북도,괴산군,2017,718,682,490,234,59,744,744,742,465,99,744,740,673,370,86,706,627,323,99,0,577,371,116,13,0,8.903862945,7.028818494,74.01747088,1.439685801,0.02059792,0.307471601,0.026090063,0.165779622,50.96763789,49.03236211,29.46994947,12.45833781,17.01161165,42.27471726,57.72528274,57.98570046,27.33039458,30.65530588,47.13299031,52.86700969,32.90775185,16.5923019,16.31544995,50.42064853,49.57935147
충청북도,단양군,2017,711,619,415,183,39,743,743,725,318,66,744,733,673,244,47,703,538,264,73,0,581,305,77,6,0,7.797095831,1.662480033,82.128978,0.805898738,0.027653251,0.137747316,0.023569021,0.389342424,50.11697979,49.88302021,26.92307692,11.10599078,15.81708614,41.25082291,58.74917709,57.33427862,26.80255229,30.53172634,46.74786695,53.25213305,23.2967033,11.97093229,11.32222616,51.3846622,48.60012173
충청북도,보은군,2017,711,653,425,210,51,744,744,738,358,80,744,742,662,312,76,697,567,284,98,0,536,340,82,11,0,8.777174646,10.16199442,68.37053658,1.507330974,0.030856963,0.392616144,0.020216435,0.251769194,49.92965892,50.07034108,30.83752775,12.5769844,18.26054335,40.78467153,59.21532847,58.93331666,27.20792822,31.72538844,46.16731208,53.83268792,33.67930722,16.56297871,17.11632851,49.17850181,50.82149819
충청북도,영동군,2017,713,657,443,210,40,744,744,741,441,98,744,734,664,324,82,707,584,286,103,0,546,342,86,12,0,6.06990341,6.310665432,77.1647088,1.152026321,0.022323116,0.837295052,0.028744905,0.191193073,49.91388791,50.08611209,27.30272031,11.03894756,16.26377275,40.43167655,59.56832345,53.02429813,24.17571017,28.84858797,45.59364483,54.40635517,32.01502293,15.12460316,16.89041977,47.24220624,52.75779376
충청북도,옥천군,2017,719,707,532,267,64,744,744,744,550,126,744,744,694,430,113,719,683,418,140,0,642,429,125,18,0,10.3542289,8.251358799,64.49116954,1.862490042,0.0154285,0.615019582,0.022036059,0.3113406,49.96346365,50.03653635,26.12755247,10.79649251,15.33105996,41.32224984,58.67775016,52.93508708,24.45702919,28.47805789,46.20192492,53.79807508,29.34884099,14.02387042,15.32497057,47.78338751,52.21661249
충청북도,음성군,2017,718,682,490,234,59,744,744,742,465,99,744,740,673,370,86,706,627,323,99,0,577,371,116,13,0,11.93373273,14.39032839,52.10824434,2.85954476,0.260419517,1.589136049,0.009283828,0.399716644,52.43749665,47.56250335,17.21933722,7.365490658,9.853846566,42.77453053,57.22546947,41.41763478,20.32335778,21.094277,49.06933457,50.93066543,17.91637668,9.179292253,8.737084426,51.23408833,48.76591167
충청북도,제천시,2017,713,637,381,177,33,744,744,733,300,55,744,716,644,250,56,682,526,237,61,0,532,276,75,6,0,8.559719755,3.887692096,73.08986242,1.693881158,0.074663123,0.447562061,0.048033815,0.2307609,50.30775604,49.69224396,17.39561448,7.348415352,10.04719912,42.24291911,57.75708089,42.7928861,20.194271,22.5986151,47.19071987,52.80928013,13.16026988,6.61231616,6.547953718,50.24453314,49.75546686
충청북도,증평군,2017,719,717,566,259,57,744,744,744,564,123,744,744,705,447,116,720,695,470,138,0,661,453,139,16,0,11.63572025,16.54312667,48.9007843,5.217962099,0.497910293,0.383542231,0.01422662,0.161676033,50.64695009,49.35304991,14.41498607,5.895660331,8.519325737,40.89952153,59.10047847,35.64984688,16.69931305,18.95053384,46.84259403,53.15740597,10.61880983,5.051452534,5.567357299,47.57079761,52.42920239
충청북도,진천군,2017,717,657,440,191,23,743,743,740,381,64,744,741,668,309,59,704,609,323,88,0,540,345,93,9,0,8.404974256,14.65478012,56.40609347,2.598088657,0.328729003,0.464881531,0.024507489,0.22847367,51.86942381,48.13057619,16.39811416,6.794378301,9.603735864,41.43390046,58.56609954,39.362337,18.8538776,20.5084594,47.89826782,52.10173218,17.79757109,8.863724525,8.933846567,49.80300109,50.19699891
충청북도,청주시 상당구,2017,719,717,566,259,57,744,744,744,564,123,744,744,705,447,116,720,695,470,138,0,661,453,139,16,0,8.018725069,8.951502011,66.80693993,3.192290889,0.099348656,0.171512118,0.036757553,0.317592315,50.00832649,49.99167351,13.58051125,5.606109267,7.974401979,41.28054655,58.71945345,36.71924253,17.30721193,19.41203059,47.1339024,52.8660976,25.32086738,12.82280032,12.49806706,50.64123644,49.35876356
충청북도,청주시 서원구,2017,719,717,566,259,57,744,744,744,564,123,744,744,705,447,116,720,695,470,138,0,661,453,139,16,0,9.16339764,13.10819817,49.2878401,8.51783462,0.559682062,0.146817504,0.004302476,0.291226079,49.59723504,50.40276496,10.98091055,4.505000711,6.475909836,41.0257482,58.9742518,32.00088126,14.9277777,17.07310356,46.64802065,53.35197935,19.54110039,9.895854849,9.645245537,50.64123644,49.35876356
충청북도,청주시 청원구,2017,719,717,566,259,57,744,744,744,564,123,744,744,705,447,116,720,695,470,138,0,661,453,139,16,0,10.97665137,20.05925323,35.4887649,7.097784543,0.947971859,0.405537688,0.002722652,0.257892076,50.69883952,49.30116048,10.61502133,4.360035314,6.254986013,41.07420211,58.92579789,28.97577995,13.52898003,15.44679991,46.69065012,53.30934988,22.64261326,11.46649931,11.17611394,50.64123644,49.35876356
충청북도,청주시 흥덕구,2017,719,717,566,259,57,744,744,744,564,123,744,744,705,447,116,720,695,470,138,0,661,453,139,16,0,11.67218504,19.7420899,35.11982942,6.162221962,1.052592971,0.377297283,0.024000924,0.154806027,50.21606816,49.78393184,9.226726458,3.85424245,5.372484009,41.77258822,58.22741178,29.30854215,13.95478272,15.35375943,47.61336354,52.38663646,16.92527262,8.571167325,8.354105295,50.64123644,49.35876356
충청북도,충주시,2017,718,682,490,234,59,744,744,742,465,99,744,740,673,370,86,706,627,323,99,0,577,371,116,13,0,8.012306464,8.141119977,62.85362272,2.548450883,0.115265844,1.640211445,0.038791643,0.206892494,50.52732642,49.47267358,16.45791814,6.819118553,9.638799587,41.4336643,58.5663357,40.5345514,19.10836982,21.42618157,47.14094313,52.85905687,12.37701778,6.174204404,6.202813377,49.88442703,50.11557297
